x-axis,1,3
second,Volt,Volt
-168.00000E-06,,
-167.95000E-06,+2.97581654E-03,-1.09586996314E+00
-167.90000E-06,+2.97626875E-03,-1.09441266345E+00
-167.85000E-06,+2.97644468E-03,-1.09304333000E+00
-167.80000E-06,+2.97704783E-03,-1.09181204398E+00
-167.75000E-06,+2.97707283E-03,-1.09078189686E+00
-167.70000E-06,+2.97581654E-03,-1.08985855295E+00
-167.65000E-06,+2.97393212E-03,-1.08904817064E+00
-167.60000E-06,+2.97373083E-03,-1.08833834271E+00
-167.55000E-06,+2.97267584E-03,-1.08765372121E+00
-167.50000E-06,+2.97267584E-03,-1.08707581247E+00
-167.45000E-06,+2.97393212E-03,-1.08631584304E+00
-167.40000E-06,+2.97413269E-03,-1.08571281832E+00
-167.35000E-06,+2.97300295E-03,-1.08510327340E+00
-167.30000E-06,+2.97182105E-03,-1.08460714235E+00
-167.25000E-06,+2.97003709E-03,-1.08402923361E+00
-167.20000E-06,+2.96822742E-03,-1.08345132487E+00
-167.15000E-06,+2.96513815E-03,-1.08267900850E+00
-167.10000E-06,+2.96513815E-03,-1.08189383263E+00
-167.05000E-06,+2.96352940E-03,-1.08102053978E+00
-167.00000E-06,+2.96199745E-03,-1.08000941054E+00
-166.95000E-06,+2.96184591E-03,-1.07902931447E+00
-166.90000E-06,+2.96325373E-03,-1.07779814906E+00
-166.85000E-06,+2.96330312E-03,-1.07672401882E+00
-166.80000E-06,+2.96277544E-03,-1.07533581823E+00
-166.75000E-06,+2.96199745E-03,-1.07388503875E+00
-166.70000E-06,+2.96074117E-03,-1.07233304157E+00
-166.65000E-06,+2.96136931E-03,-1.07065588662E+00
-166.60000E-06,+2.96018946E-03,-1.06897873166E+00
-166.55000E-06,+2.95950892E-03,-1.06716256443E+00
-166.50000E-06,+2.95885674E-03,-1.06565554536E+00
-166.45000E-06,+2.95822860E-03,-1.06384647120E+00
-166.40000E-06,+2.95760046E-03,-1.06220010820E+00
-166.35000E-06,+2.95760046E-03,-1.06054773756E+00
-166.30000E-06,+2.95624239E-03,-1.05889035427E+00
-166.25000E-06,+2.95446241E-03,-1.05739568213E+00
-166.20000E-06,+2.95571604E-03,-1.05590034666E+00
-166.15000E-06,+2.95594498E-03,-1.05434810828E+00
-166.10000E-06,+2.95730040E-03,-1.05314239051E+00
-166.05000E-06,+2.95760046E-03,-1.05204347595E+00
-166.00000E-06,+2.95496075E-03,-1.05089432944E+00
-165.95000E-06,+2.95385830E-03,-1.04999567939E+00
-165.90000E-06,+2.95320348E-03,-1.04907348123E+00
-165.85000E-06,+2.95229569E-03,-1.04813127018E+00
-165.80000E-06,+2.95131906E-03,-1.04734609431E+00
-165.75000E-06,+2.95232237E-03,-1.04656091844E+00
-165.70000E-06,+2.95194720E-03,-1.04593277774E+00
-165.65000E-06,+2.95257534E-03,-1.04513459161E+00
-165.60000E-06,+2.95199562E-03,-1.04451946117E+00
-165.55000E-06,+2.95146794E-03,-1.04373428530E+00
-165.50000E-06,+2.95069092E-03,-1.04294910943E+00
-165.45000E-06,+2.95006278E-03,-1.04200689839E+00
-165.40000E-06,+2.95069092E-03,-1.04117725698E+00
-165.35000E-06,+2.95116426E-03,-1.04010312674E+00
-165.30000E-06,+2.94820142E-03,-1.03888926060E+00
-165.25000E-06,+2.94629393E-03,-1.03782871349E+00
-165.20000E-06,+2.94669808E-03,-1.03652162726E+00
-165.15000E-06,+2.94566579E-03,-1.03503181701E+00
-165.10000E-06,+2.94378137E-03,-1.03369327551E+00
-165.05000E-06,+2.94315323E-03,-1.03187958068E+00
-165.00000E-06,+2.94189695E-03,-1.03038400400E+00
-164.95000E-06,+2.94126881E-03,-1.02841846755E+00
-164.90000E-06,+2.94044203E-03,-1.02665905248E+00
-164.85000E-06,+2.94001252E-03,-1.02486760927E+00
-164.80000E-06,+2.94001252E-03,-1.02319102718E+00
-164.75000E-06,+2.93888436E-03,-1.02149624129E+00
-164.70000E-06,+2.93875624E-03,-1.01983729014E+00
-164.65000E-06,+2.94064066E-03,-1.01829458708E+00
-164.60000E-06,+2.94035908E-03,-1.01661051996E+00
-164.55000E-06,+2.93938438E-03,-1.01522231937E+00
-164.50000E-06,+2.93875624E-03,-1.01374056703E+00
-164.45000E-06,+2.93719302E-03,-1.01244591819E+00
-164.40000E-06,+2.93561554E-03,-1.01122800424E+00
-164.35000E-06,+2.93629114E-03,-1.01028579320E+00
-164.30000E-06,+2.93576346E-03,-1.00934358215E+00
-164.25000E-06,+2.93624368E-03,-1.00840137111E+00
-164.20000E-06,+2.93505696E-03,-1.00745916006E+00
-164.15000E-06,+2.93148904E-03,-1.00662927745E+00
-164.10000E-06,+2.93059041E-03,-1.00588880832E+00
-164.05000E-06,+2.93119645E-03,-1.00512020809E+00
-164.00000E-06,+2.93083554E-03,-1.00453677414E+00
-163.95000E-06,+2.93099553E-03,-1.00380183023E+00
-163.90000E-06,+2.93089506E-03,-1.00306688632E+00
-163.85000E-06,+2.92996227E-03,-1.00233194241E+00
-163.80000E-06,+2.92933413E-03,-1.00146589338E+00
-163.75000E-06,+2.92681831E-03,-1.00070583349E+00
-163.70000E-06,+2.92744971E-03,-999.49896997E-03
-163.65000E-06,+2.92682157E-03,-998.49937359E-03
-163.60000E-06,+2.92619343E-03,-997.31047267E-03
-163.55000E-06,+2.92533575E-03,-996.13750668E-03
-163.50000E-06,+2.92430901E-03,-994.79953805E-03
-163.45000E-06,+2.92428039E-03,-993.45441604E-03
-163.40000E-06,+2.92312458E-03,-991.93064042E-03
-163.35000E-06,+2.92259690E-03,-990.38540465E-03
-163.30000E-06,+2.92144108E-03,-988.77197433E-03
-163.25000E-06,+2.92003037E-03,-986.98086278E-03
-163.20000E-06,+2.91834687E-03,-985.35840970E-03
-163.15000E-06,+2.91671735E-03,-983.57632091E-03
-163.10000E-06,+2.91435174E-03,-982.18812032E-03
-163.05000E-06,+2.91348366E-03,-980.48584938E-03
-163.00000E-06,+2.91262175E-03,-978.72172319E-03
-162.95000E-06,+2.91181382E-03,-977.23834268E-03
-162.90000E-06,+2.91093826E-03,-975.96222931E-03
-162.85000E-06,+2.91048991E-03,-974.32473831E-03
-162.80000E-06,+2.91048991E-03,-972.93784176E-03
-162.75000E-06,+2.90884869E-03,-972.03001066E-03
-162.70000E-06,+2.90775528E-03,-970.82396123E-03
-162.65000E-06,+2.90828296E-03,-969.85980762E-03
-162.60000E-06,+2.90734921E-03,-968.98871580E-03
-162.55000E-06,+2.90473196E-03,-968.14802397E-03
-162.50000E-06,+2.90357614E-03,-967.41308006E-03
-162.45000E-06,+2.90106780E-03,-966.52110097E-03
-162.40000E-06,+2.89981152E-03,-965.78615706E-03
-162.35000E-06,+2.90110160E-03,-965.12550579E-03
-162.30000E-06,+2.90129831E-03,-964.47330441E-03
-162.25000E-06,+2.90056970E-03,-963.89539567E-03
-162.20000E-06,+2.90106780E-03,-963.15305717E-03
-162.15000E-06,+2.90051055E-03,-962.39006507E-03
-162.10000E-06,+2.90061101E-03,-961.49069139E-03
-162.05000E-06,+2.89981152E-03,-960.66267815E-03
-162.00000E-06,+2.89678723E-03,-959.72046711E-03
-161.95000E-06,+2.89400285E-03,-958.73940620E-03
-161.90000E-06,+2.89284704E-03,-957.50824078E-03
-161.85000E-06,+2.89106308E-03,-956.43411054E-03
-161.80000E-06,+2.88927912E-03,-955.16644706E-03
-161.75000E-06,+2.88686702E-03,-953.75313049E-03
-161.70000E-06,+2.88690179E-03,-952.19920363E-03
-161.65000E-06,+2.88724871E-03,-950.67908385E-03
-161.60000E-06,+2.88654027E-03,-949.04207526E-03
-161.55000E-06,+2.88662056E-03,-947.33990232E-03
-161.50000E-06,+2.88662056E-03,-945.99184810E-03
-161.45000E-06,+2.88536428E-03,-944.23804870E-03
-161.40000E-06,+2.88347986E-03,-942.61487199E-03
-161.35000E-06,+2.88222358E-03,-941.08970942E-03
-161.30000E-06,+2.88055046E-03,-939.38369219E-03
-161.25000E-06,+2.88033397E-03,-937.88998489E-03
-161.20000E-06,+2.87908288E-03,-936.23664941E-03
-161.15000E-06,+2.87763085E-03,-934.83951652E-03
-161.10000E-06,+2.87690225E-03,-933.63476358E-03
-161.05000E-06,+2.87633884E-03,-932.37977869E-03
-161.00000E-06,+2.87253946E-03,-931.32312863E-03
-160.95000E-06,+2.86969131E-03,-930.17494696E-03
-160.90000E-06,+2.87028891E-03,-929.11608832E-03
-160.85000E-06,+2.86857487E-03,-928.19899325E-03
-160.80000E-06,+2.86741905E-03,-927.30350909E-03
-160.75000E-06,+2.86475012E-03,-926.27197500E-03
-160.70000E-06,+2.86259485E-03,-925.48679913E-03
-160.65000E-06,+2.86269532E-03,-924.54458809E-03
-160.60000E-06,+2.86275122E-03,-923.77055310E-03
-160.55000E-06,+2.86101182E-03,-922.97423635E-03
-160.50000E-06,+2.86048415E-03,-922.03202530E-03
-160.45000E-06,+2.85778986E-03,-921.01926790E-03
-160.40000E-06,+2.85754437E-03,-919.94513766E-03
-160.35000E-06,+2.85764484E-03,-918.59756586E-03
-160.30000E-06,+2.85586088E-03,-917.34017641E-03
-160.25000E-06,+2.85521353E-03,-916.15444137E-03
-160.20000E-06,+2.85354924E-03,-914.55743594E-03
-160.15000E-06,+2.85207283E-03,-913.09081199E-03
-160.10000E-06,+2.85270097E-03,-911.56589062E-03
-160.05000E-06,+2.85092316E-03,-909.70332064E-03
-160.00000E-06,+2.85018840E-03,-908.20677912E-03
-159.95000E-06,+2.85072223E-03,-906.24220751E-03
-159.90000E-06,+2.84849876E-03,-904.37348667E-03
-159.85000E-06,+2.84608666E-03,-902.61464448E-03
-159.80000E-06,+2.84304642E-03,-900.91391126E-03
-159.75000E-06,+2.84126246E-03,-899.25399527E-03
-159.70000E-06,+2.83951001E-03,-897.65218825E-03
-159.65000E-06,+2.83832269E-03,-896.13846053E-03
-159.60000E-06,+2.83653873E-03,-894.59322476E-03
-159.55000E-06,+2.83574117E-03,-893.04798900E-03
-159.50000E-06,+2.83511303E-03,-891.81682359E-03
-159.45000E-06,+2.83181500E-03,-890.58565817E-03
-159.40000E-06,+2.83008790E-03,-889.38292538E-03
-159.35000E-06,+2.83008790E-03,-888.58353320E-03
-159.30000E-06,+2.82945976E-03,-887.64132215E-03
-159.25000E-06,+2.82970429E-03,-886.69911111E-03
-159.20000E-06,+2.82820348E-03,-885.91393524E-03
-159.15000E-06,+2.82864893E-03,-885.24012295E-03
-159.10000E-06,+2.82820348E-03,-884.34358349E-03
-159.05000E-06,+2.82694720E-03,-883.57208875E-03
-159.00000E-06,+2.82518148E-03,-882.98961963E-03
-158.95000E-06,+2.82255021E-03,-882.25467572E-03
-158.90000E-06,+2.82098542E-03,-881.44260495E-03
-158.85000E-06,+2.82003765E-03,-880.62775272E-03
-158.80000E-06,+2.81930193E-03,-879.73577364E-03
-158.75000E-06,+2.81751797E-03,-878.84379455E-03
-158.70000E-06,+2.81626881E-03,-877.63774512E-03
-158.65000E-06,+2.81269377E-03,-876.37156658E-03
-158.60000E-06,+2.81153796E-03,-875.21574910E-03
-158.55000E-06,+2.81061554E-03,-873.90289645E-03
-158.50000E-06,+2.80935926E-03,-872.59004380E-03
-158.45000E-06,+2.80876359E-03,-871.12015598E-03
-158.40000E-06,+2.80942725E-03,-869.59927488E-03
-158.35000E-06,+2.80781175E-03,-867.93911768E-03
-158.30000E-06,+2.80585933E-03,-866.28453846E-03
-158.25000E-06,+2.80658794E-03,-864.64949724E-03
-158.20000E-06,+2.80606026E-03,-862.94722631E-03
-158.15000E-06,+2.80490444E-03,-861.25941289E-03
-158.10000E-06,+2.80186420E-03,-859.86741324E-03
-158.05000E-06,+2.80008025E-03,-858.43277975E-03
-158.00000E-06,+2.79704001E-03,-856.92331843E-03
-157.95000E-06,+2.79651233E-03,-855.46408907E-03
-157.90000E-06,+2.79491202E-03,-854.03579487E-03
-157.85000E-06,+2.79428388E-03,-852.64327512E-03
-157.80000E-06,+2.79304488E-03,-851.38779273E-03
-157.75000E-06,+2.79177132E-03,-850.48285615E-03
-157.70000E-06,+2.79051504E-03,-849.48839302E-03
-157.65000E-06,+2.78863062E-03,-848.54416184E-03
-157.60000E-06,+2.78653719E-03,-847.75466680E-03
-157.55000E-06,+2.78570700E-03,-846.91493981E-03
-157.50000E-06,+2.78485369E-03,-846.18201603E-03
-157.45000E-06,+2.78423363E-03,-845.28801681E-03
-157.40000E-06,+2.78379834E-03,-844.60128473E-03
-157.35000E-06,+2.78205590E-03,-843.89145679E-03
-157.30000E-06,+2.77960228E-03,-843.24022025E-03
-157.25000E-06,+2.77858036E-03,-842.62883610E-03
-157.20000E-06,+2.77732408E-03,-841.77033243E-03
-157.15000E-06,+2.77795222E-03,-841.01863196E-03
-157.10000E-06,+2.77795222E-03,-840.10153690E-03
-157.05000E-06,+2.77534743E-03,-839.20749999E-03
-157.00000E-06,+2.77177951E-03,-838.11031159E-03
-156.95000E-06,+2.76946788E-03,-837.03618135E-03
-156.90000E-06,+2.76658690E-03,-835.81971467E-03
-156.85000E-06,+2.76664569E-03,-834.73088570E-03
-156.80000E-06,+2.76504554E-03,-833.30715188E-03
-156.75000E-06,+2.76210576E-03,-831.89383531E-03
-156.70000E-06,+2.76013719E-03,-830.42374397E-03
-156.65000E-06,+2.75685435E-03,-828.86401300E-03
-156.60000E-06,+2.75274244E-03,-827.18278009E-03
-156.55000E-06,+2.75160294E-03,-825.63281812E-03
-156.50000E-06,+2.75031403E-03,-824.12965840E-03
-156.45000E-06,+2.74676243E-03,-822.47761943E-03
-156.40000E-06,+2.74591705E-03,-820.98443223E-03
-156.35000E-06,+2.74675516E-03,-819.43511852E-03
-156.30000E-06,+2.74780147E-03,-817.96523069E-03
-156.25000E-06,+2.74780147E-03,-816.49760421E-03
-156.20000E-06,+2.74538033E-03,-814.86841987E-03
-156.15000E-06,+2.74359637E-03,-813.44650266E-03
-156.10000E-06,+2.74118427E-03,-812.39974975E-03
-156.05000E-06,+2.73798655E-03,-811.14572969E-03
-156.00000E-06,+2.73636007E-03,-810.12183141E-03
-155.95000E-06,+2.73520425E-03,-809.09793313E-03
-155.90000E-06,+2.73342030E-03,-808.19803935E-03
-155.85000E-06,+2.73272609E-03,-807.39634814E-03
-155.80000E-06,+2.73236494E-03,-806.54442497E-03
-155.75000E-06,+2.73032030E-03,-805.66896122E-03
-155.70000E-06,+2.72738052E-03,-805.04082052E-03
-155.65000E-06,+2.72261608E-03,-804.41267983E-03
-155.60000E-06,+2.72263514E-03,-803.78453913E-03
-155.55000E-06,+2.71918933E-03,-803.12110641E-03
-155.50000E-06,+2.71827886E-03,-802.37122256E-03
-155.45000E-06,+2.71799281E-03,-801.67157067E-03
-155.40000E-06,+2.71513815E-03,-800.91151078E-03
-155.35000E-06,+2.71371164E-03,-800.01569495E-03
-155.30000E-06,+2.70951558E-03,-799.23819257E-03
-155.25000E-06,+2.70634418E-03,-798.18917831E-03
-155.20000E-06,+2.70445976E-03,-797.19423275E-03
-155.15000E-06,+2.70257534E-03,-796.09248398E-03
-155.10000E-06,+2.69817836E-03,-794.98940101E-03
-155.05000E-06,+2.69618346E-03,-793.65143239E-03
-155.00000E-06,+2.69502764E-03,-792.31346376E-03
-154.95000E-06,+2.69494720E-03,-790.81845995E-03
-154.90000E-06,+2.69271601E-03,-789.26187979E-03
-154.85000E-06,+2.69126881E-03,-787.74426256E-03
-154.80000E-06,+2.69040437E-03,-786.11733956E-03
-154.75000E-06,+2.68875625E-03,-784.61349391E-03
-154.70000E-06,+2.68683646E-03,-783.02052874E-03
-154.65000E-06,+2.68379622E-03,-781.36105748E-03
-154.60000E-06,+2.68264040E-03,-779.79954759E-03
-154.55000E-06,+2.68211272E-03,-778.18780574E-03
-154.50000E-06,+2.68069525E-03,-776.64366296E-03
-154.45000E-06,+2.67791666E-03,-775.16384030E-03
-154.40000E-06,+2.67544384E-03,-773.63378568E-03
-154.35000E-06,+2.67061964E-03,-772.54447430E-03
-154.30000E-06,+2.67019243E-03,-771.40024243E-03
-154.25000E-06,+2.66725266E-03,-770.17901185E-03
-154.20000E-06,+2.66556916E-03,-769.00801323E-03
-154.15000E-06,+2.66200124E-03,-767.98051941E-03
-154.10000E-06,+2.66048991E-03,-766.90279364E-03
-154.05000E-06,+2.65986177E-03,-766.10688393E-03
-154.00000E-06,+2.65757890E-03,-765.49666814E-03
-153.95000E-06,+2.65505196E-03,-764.68722806E-03
-153.90000E-06,+2.65326800E-03,-763.82036496E-03
-153.85000E-06,+2.65106780E-03,-763.00647757E-03
-153.80000E-06,+2.64844380E-03,-762.27153366E-03
-153.75000E-06,+2.64604268E-03,-761.69088116E-03
-153.70000E-06,+2.64658133E-03,-760.48757549E-03
-153.65000E-06,+2.64246379E-03,-759.64308460E-03
-153.60000E-06,+2.63976127E-03,-758.61918631E-03
-153.55000E-06,+2.63803047E-03,-757.53597302E-03
-153.50000E-06,+2.63738550E-03,-756.41435458E-03
-153.45000E-06,+2.63591976E-03,-755.22433806E-03
-153.40000E-06,+2.63172371E-03,-753.72238440E-03
-153.35000E-06,+2.63004021E-03,-752.31815089E-03
-153.30000E-06,+2.62683538E-03,-750.86368543E-03
-153.25000E-06,+2.62505142E-03,-749.16202505E-03
-153.20000E-06,+2.62294315E-03,-747.52540843E-03
-153.15000E-06,+2.62079367E-03,-745.68152468E-03
-153.10000E-06,+2.61593070E-03,-744.28759535E-03
-153.05000E-06,+2.61240156E-03,-742.54082119E-03
-153.00000E-06,+2.61299092E-03,-740.87335986E-03
-152.95000E-06,+2.61086680E-03,-739.18413687E-03
-152.90000E-06,+2.60860736E-03,-737.46881798E-03
-152.85000E-06,+2.60558053E-03,-735.81007036E-03
-152.80000E-06,+2.60144469E-03,-734.38840943E-03
-152.75000E-06,+2.60030229E-03,-733.04708648E-03
-152.70000E-06,+2.59789019E-03,-731.76270413E-03
-152.65000E-06,+2.59642104E-03,-730.60688666E-03
-152.60000E-06,+2.59390700E-03,-729.50428611E-03
-152.55000E-06,+2.59139444E-03,-728.48038783E-03
-152.50000E-06,+2.58824179E-03,-727.61650970E-03
-152.45000E-06,+2.58591822E-03,-726.43259127E-03
-152.40000E-06,+2.58134419E-03,-725.56572817E-03
-152.35000E-06,+2.58008790E-03,-724.85590023E-03
-152.30000E-06,+2.57694720E-03,-724.14607230E-03
-152.25000E-06,+2.57457240E-03,-723.31364944E-03
-152.20000E-06,+2.57317836E-03,-722.57870553E-03
-152.15000E-06,+2.57079213E-03,-721.81217820E-03
-152.10000E-06,+2.56722421E-03,-721.02700233E-03
-152.05000E-06,+2.56428444E-03,-720.08479128E-03
-152.00000E-06,+2.56160824E-03,-719.14258024E-03
-151.95000E-06,+2.55873112E-03,-718.15958965E-03
-151.90000E-06,+2.55935926E-03,-716.95975137E-03
-151.85000E-06,+2.55817860E-03,-716.01132917E-03
-151.80000E-06,+2.55349268E-03,-714.86806214E-03
-151.75000E-06,+2.54814080E-03,-713.54899834E-03
-151.70000E-06,+2.54404521E-03,-712.16079775E-03
-151.65000E-06,+2.54051504E-03,-710.66268083E-03
-151.60000E-06,+2.53925876E-03,-708.95729678E-03
-151.55000E-06,+2.53864307E-03,-707.69146498E-03
-151.50000E-06,+2.53726142E-03,-706.19334806E-03
-151.45000E-06,+2.53591668E-03,-704.59465416E-03
-151.40000E-06,+2.53360549E-03,-703.04619221E-03
-151.35000E-06,+2.53213538E-03,-701.49784334E-03
-151.30000E-06,+2.52835363E-03,-700.02795551E-03
-151.25000E-06,+2.52417048E-03,-698.55806769E-03
-151.20000E-06,+2.52292710E-03,-696.77410952E-03
-151.15000E-06,+2.51978640E-03,-695.30422169E-03
-151.10000E-06,+2.51533825E-03,-693.99136904E-03
-151.05000E-06,+2.51114219E-03,-692.73831383E-03
-151.00000E-06,+2.50520044E-03,-691.67973409E-03
-150.95000E-06,+2.50345474E-03,-690.37644692E-03
-150.90000E-06,+2.50226066E-03,-689.32144764E-03
-150.85000E-06,+2.50126751E-03,-688.52072127E-03
-150.80000E-06,+2.49832773E-03,-687.42147505E-03
-150.75000E-06,+2.49727238E-03,-686.57016244E-03
-150.70000E-06,+2.49449669E-03,-685.69408813E-03
-150.65000E-06,+2.49396901E-03,-684.76778187E-03
-150.60000E-06,+2.49159376E-03,-684.28077157E-03
-150.55000E-06,+2.48788853E-03,-683.46126851E-03
-150.50000E-06,+2.48320164E-03,-682.55338465E-03
-150.45000E-06,+2.47992363E-03,-681.85276792E-03
-150.40000E-06,+2.47795023E-03,-680.98303291E-03
-150.35000E-06,+2.47518841E-03,-680.04082186E-03
-150.30000E-06,+2.47393213E-03,-679.10722653E-03
-150.25000E-06,+2.47141956E-03,-678.21237554E-03
-150.20000E-06,+2.46807555E-03,-677.11253384E-03
-150.15000E-06,+2.46387949E-03,-676.11375153E-03
-150.10000E-06,+2.46115452E-03,-675.01163341E-03
-150.05000E-06,+2.45999870E-03,-673.80211658E-03
-150.00000E-06,+2.45568831E-03,-672.49273132E-03
-149.95000E-06,+2.44969442E-03,-670.86234093E-03
-149.90000E-06,+2.44459657E-03,-669.43921768E-03
-149.85000E-06,+2.44344076E-03,-667.92256529E-03
-149.80000E-06,+2.43977237E-03,-666.45267746E-03
-149.75000E-06,+2.43673214E-03,-665.10490214E-03
-149.70000E-06,+2.43369190E-03,-663.51290181E-03
-149.65000E-06,+2.43127980E-03,-661.85536024E-03
-149.60000E-06,+2.42714498E-03,-660.29481518E-03
-149.55000E-06,+2.42493715E-03,-658.68403817E-03
-149.50000E-06,+2.42215908E-03,-657.13796571E-03
-149.45000E-06,+2.41753246E-03,-655.65910790E-03
-149.40000E-06,+2.41293790E-03,-654.14616411E-03
-149.35000E-06,+2.40926952E-03,-653.03974189E-03
-149.30000E-06,+2.40699376E-03,-651.89743971E-03
-149.25000E-06,+2.40444532E-03,-650.51820911E-03
-149.20000E-06,+2.40106781E-03,-649.50328082E-03
-149.15000E-06,+2.39691815E-03,-648.42915059E-03
-149.10000E-06,+2.39263215E-03,-647.39999091E-03
-149.05000E-06,+2.38976127E-03,-646.44318667E-03
-149.00000E-06,+2.38798784E-03,-645.70561206E-03
-148.95000E-06,+2.38327463E-03,-644.97066815E-03
-148.90000E-06,+2.37970671E-03,-644.23572424E-03
-148.85000E-06,+2.37299809E-03,-643.44683977E-03
-148.80000E-06,+2.36777635E-03,-642.60880124E-03
-148.75000E-06,+2.36586226E-03,-641.87756593E-03
-148.70000E-06,+2.35969615E-03,-640.98187824E-03
-148.65000E-06,+2.35602777E-03,-640.13642251E-03
-148.60000E-06,+2.35201781E-03,-639.19792007E-03
-148.55000E-06,+2.34758063E-03,-638.34241644E-03
-148.50000E-06,+2.34236941E-03,-637.34363414E-03
-148.45000E-06,+2.33884169E-03,-636.19786456E-03
-148.40000E-06,+2.33586172E-03,-634.98679495E-03
-148.35000E-06,+2.33511303E-03,-633.55841030E-03
-148.30000E-06,+2.33411795E-03,-632.05335860E-03
-148.25000E-06,+2.33170585E-03,-630.59853885E-03
-148.20000E-06,+2.33021801E-03,-628.96288707E-03
-148.15000E-06,+2.32486614E-03,-627.13635535E-03
-148.10000E-06,+2.32070071E-03,-625.87241555E-03
-148.05000E-06,+2.31479053E-03,-624.10245509E-03
-148.00000E-06,+2.30818237E-03,-622.31083850E-03
-147.95000E-06,+2.30375047E-03,-620.69264428E-03
-147.90000E-06,+2.29892627E-03,-618.79710393E-03
-147.85000E-06,+2.29410208E-03,-617.06971701E-03
-147.80000E-06,+2.28989646E-03,-615.66595838E-03
-147.75000E-06,+2.28685622E-03,-614.03903538E-03
-147.70000E-06,+2.28381598E-03,-612.72618273E-03
-147.65000E-06,+2.28077574E-03,-611.25629491E-03
-147.60000E-06,+2.27751878E-03,-610.10047744E-03
-147.55000E-06,+2.27281084E-03,-608.97372575E-03
-147.50000E-06,+2.26785458E-03,-607.94982747E-03
-147.45000E-06,+2.26170524E-03,-606.61185884E-03
-147.40000E-06,+2.25866500E-03,-605.74499573E-03
-147.35000E-06,+2.25374033E-03,-604.87813263E-03
-147.30000E-06,+2.24881567E-03,-604.01126952E-03
-147.25000E-06,+2.24486405E-03,-603.30144159E-03
-147.20000E-06,+2.23959449E-03,-602.28783242E-03
-147.15000E-06,+2.23535728E-03,-601.52323476E-03
-147.10000E-06,+2.23069285E-03,-600.58102372E-03
-147.05000E-06,+2.22722540E-03,-599.57375384E-03
-147.00000E-06,+2.22151282E-03,-598.56288090E-03
-146.95000E-06,+2.21903421E-03,-597.39857585E-03
-146.90000E-06,+2.21298768E-03,-596.04363207E-03
-146.85000E-06,+2.20707418E-03,-595.09328019E-03
-146.80000E-06,+2.20235045E-03,-593.67147605E-03
-146.75000E-06,+2.19825485E-03,-592.15984384E-03
-146.70000E-06,+2.19072576E-03,-590.69844359E-03
-146.65000E-06,+2.18605135E-03,-588.96042083E-03
-146.60000E-06,+2.18040668E-03,-587.23303391E-03
-146.55000E-06,+2.17744972E-03,-585.67127527E-03
-146.50000E-06,+2.17327085E-03,-583.88731710E-03
-146.45000E-06,+2.16886527E-03,-582.15573916E-03
-146.40000E-06,+2.16331247E-03,-580.47643593E-03
-146.35000E-06,+2.15964409E-03,-578.79508995E-03
-146.30000E-06,+2.15597571E-03,-577.22258993E-03
-146.25000E-06,+2.15166242E-03,-575.75689313E-03
-146.20000E-06,+2.14629378E-03,-573.96874394E-03
-146.15000E-06,+2.14371428E-03,-572.65589129E-03
-146.10000E-06,+2.14095867E-03,-571.34303864E-03
-146.05000E-06,+2.13599243E-03,-570.18722116E-03
-146.00000E-06,+2.13256656E-03,-569.18843886E-03
-145.95000E-06,+2.12585794E-03,-568.04315170E-03
-145.90000E-06,+2.12217334E-03,-567.13253161E-03
-145.85000E-06,+2.11825277E-03,-566.30765410E-03
-145.80000E-06,+2.11127575E-03,-565.40514470E-03
-145.75000E-06,+2.10629274E-03,-564.61996883E-03
-145.70000E-06,+2.10048067E-03,-563.87677855E-03
-145.65000E-06,+2.09433271E-03,-563.20665226E-03
-145.60000E-06,+2.08772455E-03,-562.57851156E-03
-145.55000E-06,+2.08223923E-03,-561.95037087E-03
-145.50000E-06,+2.07804317E-03,-561.16519499E-03
-145.45000E-06,+2.07325959E-03,-560.46361343E-03
-145.40000E-06,+2.06820148E-03,-559.75187843E-03
-145.35000E-06,+2.06033704E-03,-558.80966738E-03
-145.30000E-06,+2.05372889E-03,-558.02830564E-03
-145.25000E-06,+2.04816083E-03,-556.97929138E-03
-145.20000E-06,+2.04449245E-03,-555.87752000E-03
-145.15000E-06,+2.03987680E-03,-554.80148269E-03
-145.10000E-06,+2.03464312E-03,-553.62054924E-03
-145.05000E-06,+2.02822579E-03,-552.41006757E-03
-145.00000E-06,+2.02353752E-03,-550.94904421E-03
-144.95000E-06,+2.01932373E-03,-549.47029192E-03
-144.90000E-06,+2.01494448E-03,-547.95460437E-03
-144.85000E-06,+2.00967534E-03,-546.45960057E-03
-144.80000E-06,+2.00572329E-03,-544.93862147E-03
-144.75000E-06,+1.99925525E-03,-543.39781794E-03
-144.70000E-06,+1.99394646E-03,-541.66051881E-03
-144.65000E-06,+1.98792336E-03,-540.15117055E-03
-144.60000E-06,+1.98052922E-03,-538.70916508E-03
-144.55000E-06,+1.97570503E-03,-537.04635458E-03
-144.50000E-06,+1.97034209E-03,-535.59081120E-03
-144.45000E-06,+1.96417221E-03,-534.15514503E-03
-144.40000E-06,+1.95809173E-03,-532.74182847E-03
-144.35000E-06,+1.95326753E-03,-531.79961742E-03
-144.30000E-06,+1.94669140E-03,-530.51021489E-03
-144.25000E-06,+1.94173471E-03,-529.18825657E-03
-144.20000E-06,+1.93728261E-03,-528.18780841E-03
-144.15000E-06,+1.93063577E-03,-527.24559737E-03
-144.10000E-06,+1.92412142E-03,-526.30338632E-03
-144.05000E-06,+1.91616318E-03,-525.36617285E-03
-144.00000E-06,+1.90892688E-03,-524.62956308E-03
-143.95000E-06,+1.90190354E-03,-523.78948181E-03
-143.90000E-06,+1.89445429E-03,-523.07965387E-03
-143.85000E-06,+1.88932204E-03,-522.26769617E-03
-143.80000E-06,+1.88386970E-03,-521.65999801E-03
-143.75000E-06,+1.87839867E-03,-520.80248178E-03
-143.70000E-06,+1.87170874E-03,-519.76923662E-03
-143.65000E-06,+1.86607417E-03,-519.01385017E-03
-143.60000E-06,+1.85983048E-03,-518.12187108E-03
-143.55000E-06,+1.85346730E-03,-517.10740260E-03
-143.50000E-06,+1.84738682E-03,-515.98771384E-03
-143.45000E-06,+1.84135039E-03,-514.81779313E-03
-143.40000E-06,+1.83533869E-03,-513.61174369E-03
-143.35000E-06,+1.82867412E-03,-512.32725582E-03
-143.30000E-06,+1.82169517E-03,-510.82123928E-03
-143.25000E-06,+1.81635629E-03,-509.43303869E-03
-143.20000E-06,+1.80884965E-03,-507.77323577E-03
-143.15000E-06,+1.80286964E-03,-506.04584885E-03
-143.10000E-06,+1.79440812E-03,-504.78956746E-03
-143.05000E-06,+1.78776890E-03,-503.06218054E-03
-143.00000E-06,+1.78036843E-03,-501.29375026E-03
-142.95000E-06,+1.77300062E-03,-499.69970718E-03
-142.90000E-06,+1.76688338E-03,-498.08586228E-03
-142.85000E-06,+1.76331547E-03,-496.44301189E-03
-142.80000E-06,+1.75785743E-03,-494.90205007E-03
-142.75000E-06,+1.75063253E-03,-493.43216224E-03
-142.70000E-06,+1.74171844E-03,-492.17096620E-03
-142.65000E-06,+1.73334029E-03,-490.80645694E-03
-142.60000E-06,+1.72725981E-03,-489.80767464E-03
-142.55000E-06,+1.72055119E-03,-488.65185717E-03
-142.50000E-06,+1.71384257E-03,-487.51078364E-03
-142.45000E-06,+1.70713395E-03,-486.32002089E-03
-142.40000E-06,+1.69872217E-03,-485.45315778E-03
-142.35000E-06,+1.69148588E-03,-484.51586139E-03
-142.30000E-06,+1.68337550E-03,-483.65794566E-03
-142.25000E-06,+1.67778690E-03,-482.85256846E-03
-142.20000E-06,+1.67233457E-03,-481.83992413E-03
-142.15000E-06,+1.66630954E-03,-481.07725615E-03
-142.10000E-06,+1.65922915E-03,-480.09606710E-03
-142.05000E-06,+1.65209332E-03,-479.41396323E-03
-142.00000E-06,+1.64648507E-03,-478.49686816E-03
-141.95000E-06,+1.63924877E-03,-477.30841197E-03
-141.90000E-06,+1.63012805E-03,-476.05213058E-03
-141.85000E-06,+1.62103742E-03,-475.10991953E-03
-141.80000E-06,+1.61214772E-03,-473.82099943E-03
-141.75000E-06,+1.60425320E-03,-472.39879578E-03
-141.70000E-06,+1.59678588E-03,-470.87867600E-03
-141.65000E-06,+1.58848950E-03,-469.29961809E-03
-141.60000E-06,+1.57980072E-03,-467.54829863E-03
-141.55000E-06,+1.57318310E-03,-466.00661318E-03
-141.50000E-06,+1.56721255E-03,-464.37969018E-03
-141.45000E-06,+1.55934812E-03,-462.59573200E-03
-141.40000E-06,+1.54990538E-03,-460.96880901E-03
-141.35000E-06,+1.54214141E-03,-459.34188601E-03
-141.30000E-06,+1.53563372E-03,-457.68469117E-03
-141.25000E-06,+1.52724160E-03,-455.94647242E-03
-141.20000E-06,+1.52057423E-03,-454.30408184E-03
-141.15000E-06,+1.51341777E-03,-452.83419401E-03
-141.10000E-06,+1.50527257E-03,-451.52134136E-03
-141.05000E-06,+1.49894518E-03,-450.20848872E-03
-141.00000E-06,+1.48779360E-03,-449.05267124E-03
-140.95000E-06,+1.47881932E-03,-447.91984408E-03
-140.90000E-06,+1.47038123E-03,-447.00062335E-03
-140.85000E-06,+1.46371859E-03,-446.01967551E-03
-140.80000E-06,+1.45548142E-03,-445.11620126E-03
-140.75000E-06,+1.44708931E-03,-444.33102539E-03
-140.70000E-06,+1.43915353E-03,-443.54584952E-03
-140.65000E-06,+1.43218950E-03,-442.77850811E-03
-140.60000E-06,+1.42316925E-03,-442.28956813E-03
-140.55000E-06,+1.41427858E-03,-441.62902993E-03
-140.50000E-06,+1.40450060E-03,-440.77672987E-03
-140.45000E-06,+1.39548034E-03,-440.09107569E-03
-140.40000E-06,+1.38728539E-03,-439.30589982E-03
-140.35000E-06,+1.37932425E-03,-438.36368877E-03
-140.30000E-06,+1.37030023E-03,-437.58039735E-03
-140.25000E-06,+1.36254003E-03,-436.55744130E-03
-140.20000E-06,+1.35750736E-03,-435.53354302E-03
-140.15000E-06,+1.34828618E-03,-434.35260956E-03
-140.10000E-06,+1.33821434E-03,-433.17167611E-03
-140.05000E-06,+1.32897157E-03,-431.96022960E-03
-140.00000E-06,+1.31992973E-03,-430.50113592E-03
-139.95000E-06,+1.30967478E-03,-428.72610251E-03
-139.90000E-06,+1.30065452E-03,-427.19166089E-03
-139.85000E-06,+1.28891044E-03,-425.60957278E-03
-139.80000E-06,+1.28010145E-03,-423.92068146E-03
-139.75000E-06,+1.26871604E-03,-422.35572679E-03
-139.70000E-06,+1.25959532E-03,-420.58350498E-03
-139.65000E-06,+1.25058164E-03,-419.06174196E-03
-139.60000E-06,+1.24213601E-03,-417.32097543E-03
-139.55000E-06,+1.23211392E-03,-415.65720008E-03
-139.50000E-06,+1.22275754E-03,-414.20069187E-03
-139.45000E-06,+1.21444710E-03,-412.65311185E-03
-139.40000E-06,+1.20612729E-03,-411.19660364E-03
-139.35000E-06,+1.19457850E-03,-410.25439259E-03
-139.30000E-06,+1.18374612E-03,-408.99811120E-03
-139.25000E-06,+1.17442728E-03,-407.79910208E-03
-139.20000E-06,+1.16339398E-03,-406.79961876E-03
-139.15000E-06,+1.15321790E-03,-405.74990348E-03
-139.10000E-06,+1.14449343E-03,-404.91519667E-03
-139.05000E-06,+1.13474738E-03,-404.13142283E-03
-139.00000E-06,+1.12572712E-03,-403.39647892E-03
-138.95000E-06,+1.11607873E-03,-402.66153501E-03
-138.90000E-06,+1.10454591E-03,-401.92659109E-03
-138.85000E-06,+1.09471634E-03,-401.19164718E-03
-138.80000E-06,+1.08462098E-03,-400.58298418E-03
-138.75000E-06,+1.07497258E-03,-399.72739764E-03
-138.70000E-06,+1.06720861E-03,-398.82978027E-03
-138.65000E-06,+1.05756021E-03,-397.93780119E-03
-138.60000E-06,+1.04853996E-03,-396.95849658E-03
-138.55000E-06,+1.03951970E-03,-396.02942394E-03
-138.50000E-06,+1.03049945E-03,-394.91070002E-03
-138.45000E-06,+1.01964268E-03,-393.58470897E-03
-138.40000E-06,+1.00937079E-03,-392.35238273E-03
-138.35000E-06,+997.31030E-06,-390.90081178E-03
-138.30000E-06,+986.13142E-06,-389.33841997E-03
-138.25000E-06,+976.60421E-06,-387.66126501E-03
-138.20000E-06,+966.60835E-06,-385.91394059E-03
-138.15000E-06,+955.42299E-06,-384.16823680E-03
-138.10000E-06,+946.40274E-06,-382.77323711E-03
-138.05000E-06,+935.12524E-06,-381.04585019E-03
-138.00000E-06,+926.07779E-06,-379.17548611E-03
-137.95000E-06,+915.60217E-06,-377.51618823E-03
-137.90000E-06,+903.84122E-06,-375.86368944E-03
-137.85000E-06,+892.40887E-06,-374.26868153E-03
-137.80000E-06,+882.23280E-06,-372.72482518E-03
-137.75000E-06,+870.69814E-06,-371.41197253E-03
-137.70000E-06,+861.47512E-06,-370.09911988E-03
-137.65000E-06,+851.07644E-06,-368.86749466E-03
-137.60000E-06,+840.72112E-06,-367.78748493E-03
-137.55000E-06,+832.10456E-06,-366.81969810E-03
-137.50000E-06,+819.33898E-06,-365.80755880E-03
-137.45000E-06,+810.76945E-06,-364.77190154E-03
-137.40000E-06,+799.39053E-06,-364.01772114E-03
-137.35000E-06,+787.15718E-06,-363.28277723E-03
-137.30000E-06,+773.31272E-06,-362.64241774E-03
-137.25000E-06,+761.80071E-06,-361.93258981E-03
-137.20000E-06,+751.37484E-06,-361.09016428E-03
-137.15000E-06,+741.14989E-06,-360.47424237E-03
-137.10000E-06,+731.12587E-06,-359.65105333E-03
-137.05000E-06,+718.91332E-06,-358.71607858E-03
-137.00000E-06,+709.09023E-06,-357.89288954E-03
-136.95000E-06,+698.38648E-06,-356.86243336E-03
-136.90000E-06,+685.79831E-06,-355.90166423E-03
-136.85000E-06,+674.44019E-06,-354.82097610E-03
-136.80000E-06,+663.13453E-06,-353.56469471E-03
-136.75000E-06,+652.65794E-06,-352.26495784E-03
-136.70000E-06,+641.39941E-06,-350.81996740E-03
-136.65000E-06,+627.68253E-06,-349.16770983E-03
-136.60000E-06,+616.02214E-06,-347.70459849E-03
-136.55000E-06,+603.96164E-06,-346.02788073E-03
-136.50000E-06,+591.79981E-06,-344.40095773E-03
-136.45000E-06,+580.89514E-06,-342.77403473E-03
-136.40000E-06,+571.89849E-06,-340.99007656E-03
-136.35000E-06,+560.74479E-06,-339.46383608E-03
-136.30000E-06,+548.55935E-06,-337.73623056E-03
-136.25000E-06,+537.88009E-06,-336.12766967E-03
-136.20000E-06,+526.92391E-06,-334.34434467E-03
-136.15000E-06,+515.19182E-06,-332.96838549E-03
-136.10000E-06,+501.42169E-06,-331.61183616E-03
-136.05000E-06,+490.13964E-06,-330.38679144E-03
-136.00000E-06,+480.86862E-06,-329.11151477E-03
-135.95000E-06,+468.70766E-06,-327.94304132E-03
-135.90000E-06,+457.85361E-06,-327.02575027E-03
-135.85000E-06,+444.68792E-06,-326.04576726E-03
-135.80000E-06,+432.22479E-06,-325.14132818E-03
-135.75000E-06,+421.04399E-06,-324.35615230E-03
-135.70000E-06,+409.15915E-06,-323.57097643E-03
-135.65000E-06,+398.95781E-06,-322.94283574E-03
-135.60000E-06,+388.65661E-06,-322.47173021E-03
-135.55000E-06,+376.94804E-06,-321.84358952E-03
-135.50000E-06,+363.02788E-06,-321.05841365E-03
-135.45000E-06,+353.70615E-06,-320.43027295E-03
-135.40000E-06,+340.41446E-06,-319.80213225E-03
-135.35000E-06,+329.38405E-06,-319.01695638E-03
-135.30000E-06,+316.89643E-06,-318.23178051E-03
-135.25000E-06,+303.57975E-06,-317.49679137E-03
-135.20000E-06,+291.09195E-06,-316.60481229E-03
-135.15000E-06,+279.78560E-06,-315.55579803E-03
-135.10000E-06,+267.85101E-06,-314.39359603E-03
-135.05000E-06,+258.35398E-06,-313.23777855E-03
-135.00000E-06,+248.32785E-06,-311.78061455E-03
-134.95000E-06,+236.87005E-06,-310.29800290E-03
-134.90000E-06,+226.34301E-06,-308.74037498E-03
-134.85000E-06,+215.26162E-06,-307.20119208E-03
-134.80000E-06,+205.84075E-06,-305.60543792E-03
-134.75000E-06,+196.16576E-06,-303.86594528E-03
-134.70000E-06,+182.89979E-06,-302.17608912E-03
-134.65000E-06,+169.63152E-06,-300.49922060E-03
-134.60000E-06,+161.71857E-06,-298.79694966E-03
-134.55000E-06,+151.69262E-06,-297.00029028E-03
-134.50000E-06,+141.51655E-06,-295.48017050E-03
-134.45000E-06,+130.98723E-06,-293.69013685E-03
-134.40000E-06,+118.72801E-06,-292.16394159E-03
-134.35000E-06,+107.82333E-06,-291.06469538E-03
-134.30000E-06,+95.28376E-06,-289.65137881E-03
-134.25000E-06,+83.54896E-06,-288.35067711E-03
-134.20000E-06,+70.43311E-06,-287.29585119E-03
-134.15000E-06,+59.40367E-06,-286.19660497E-03
-134.10000E-06,+46.91702E-06,-285.25439393E-03
-134.05000E-06,+34.85652E-06,-284.31218288E-03
-134.00000E-06,+22.26730E-06,-283.60156348E-03
-133.95000E-06,+11.99182E-06,-282.99880259E-03
-133.90000E-06,+1.21507E-06,-282.26385868E-03
-133.85000E-06,-11.50103E-06,-281.62911486E-03
-133.80000E-06,-25.44595E-06,-280.82568995E-03
-133.75000E-06,-34.41856E-06,-280.06563006E-03
-133.70000E-06,-47.12842E-06,-279.32408303E-03
-133.65000E-06,-58.03310E-06,-278.43210394E-03
-133.60000E-06,-69.64410E-06,-277.60886967E-03
-133.55000E-06,-83.23586E-06,-276.74200657E-03
-133.50000E-06,-93.73560E-06,-275.59913151E-03
-133.45000E-06,-104.16437E-06,-274.53717483E-03
-133.40000E-06,-111.34890E-06,-273.47675586E-03
-133.35000E-06,-121.42758E-06,-271.94369366E-03
-133.30000E-06,-133.86659E-06,-270.46086342E-03
-133.25000E-06,-145.27052E-06,-269.09777881E-03
-133.20000E-06,-156.35278E-06,-267.23974659E-03
-133.15000E-06,-168.96429E-06,-265.72418718E-03
-133.10000E-06,-181.07858E-06,-264.06047968E-03
-133.05000E-06,-190.02170E-06,-262.35820874E-03
-133.00000E-06,-203.51809E-06,-260.55496885E-03
-132.95000E-06,-213.83928E-06,-258.71544949E-03
-132.90000E-06,-225.77799E-06,-256.93732558E-03
-132.85000E-06,-237.63554E-06,-255.39208982E-03
-132.80000E-06,-245.29905E-06,-253.68981888E-03
-132.75000E-06,-257.26110E-06,-252.21841596E-03
-132.70000E-06,-268.33125E-06,-250.85583638E-03
-132.65000E-06,-277.05415E-06,-249.51786775E-03
-132.60000E-06,-288.91574E-06,-248.43689318E-03
-132.55000E-06,-296.67971E-06,-247.31303602E-03
-132.50000E-06,-306.38286E-06,-246.30282640E-03
-132.45000E-06,-316.04959E-06,-245.10820428E-03
-132.40000E-06,-325.79845E-06,-244.35498872E-03
-132.35000E-06,-339.04214E-06,-243.62004481E-03
-132.30000E-06,-349.69315E-06,-242.88510090E-03
-132.25000E-06,-358.49213E-06,-242.30719216E-03
-132.20000E-06,-369.76628E-06,-241.72928342E-03
-132.15000E-06,-378.89200E-06,-241.11557763E-03
-132.10000E-06,-386.65597E-06,-240.34233411E-03
-132.05000E-06,-397.06334E-06,-239.71419341E-03
-132.00000E-06,-408.46533E-06,-239.01629783E-03
-131.95000E-06,-421.16195E-06,-238.14384167E-03
-131.90000E-06,-431.45287E-06,-237.35866580E-03
-131.85000E-06,-441.13461E-06,-236.57348993E-03
-131.80000E-06,-451.83836E-06,-235.50495274E-03
-131.75000E-06,-463.61685E-06,-234.43082250E-03
-131.70000E-06,-472.63711E-06,-233.19965709E-03
-131.65000E-06,-479.16120E-06,-231.81145650E-03
-131.60000E-06,-485.12780E-06,-230.42325591E-03
-131.55000E-06,-495.92604E-06,-228.72173122E-03
-131.50000E-06,-501.90606E-06,-227.27322816E-03
-131.45000E-06,-514.16748E-06,-225.72948488E-03
-131.40000E-06,-523.31953E-06,-223.83797725E-03
-131.35000E-06,-535.15075E-06,-222.31077193E-03
-131.30000E-06,-544.67034E-06,-220.58413125E-03
-131.25000E-06,-554.44754E-06,-218.66439453E-03
-131.20000E-06,-564.09594E-06,-216.99818447E-03
-131.15000E-06,-571.74953E-06,-215.34614549E-03
-131.10000E-06,-580.25202E-06,-213.67359614E-03
-131.05000E-06,-591.53021E-06,-212.22882429E-03
-131.00000E-06,-598.29253E-06,-210.86113408E-03
-130.95000E-06,-606.00281E-06,-209.50974062E-03
-130.90000E-06,-615.07676E-06,-208.29546743E-03
-130.85000E-06,-623.94979E-06,-207.05087718E-03
-130.80000E-06,-632.24144E-06,-205.91844199E-03
-130.75000E-06,-643.95378E-06,-205.00941991E-03
-130.70000E-06,-654.47800E-06,-204.06720887E-03
-130.65000E-06,-662.92777E-06,-203.28203300E-03
-130.60000E-06,-674.24482E-06,-202.65389230E-03
-130.55000E-06,-678.96856E-06,-201.86871643E-03
-130.50000E-06,-687.23880E-06,-201.24057573E-03
-130.45000E-06,-695.63091E-06,-200.45539986E-03
-130.40000E-06,-704.02303E-06,-199.77603975E-03
-130.35000E-06,-709.69375E-06,-199.04208330E-03
-130.30000E-06,-716.41027E-06,-198.09987225E-03
-130.25000E-06,-722.57936E-06,-197.38708196E-03
-130.20000E-06,-730.44775E-06,-196.62800952E-03
-130.15000E-06,-739.99963E-06,-195.49632057E-03
-130.10000E-06,-749.12035E-06,-194.57189875E-03
-130.05000E-06,-758.86921E-06,-193.44852401E-03
-130.00000E-06,-766.13482E-06,-192.11788213E-03
-129.95000E-06,-772.15668E-06,-190.61555158E-03
-129.90000E-06,-779.03692E-06,-189.12054777E-03
-129.85000E-06,-784.94578E-06,-187.51553718E-03
-129.80000E-06,-790.77067E-06,-186.09588132E-03
-129.75000E-06,-796.32347E-06,-184.43971916E-03
-129.70000E-06,-803.92469E-06,-182.79913011E-03
-129.65000E-06,-813.57308E-06,-181.14007344E-03
-129.60000E-06,-819.93451E-06,-179.29221726E-03
-129.55000E-06,-823.94122E-06,-177.55627493E-03
-129.50000E-06,-832.46802E-06,-175.88767538E-03
-129.45000E-06,-841.75544E-06,-174.23052577E-03
-129.40000E-06,-847.83592E-06,-172.79720386E-03
-129.35000E-06,-853.26782E-06,-171.40389264E-03
-129.30000E-06,-859.36874E-06,-169.99057607E-03
-129.25000E-06,-865.22785E-06,-168.73429468E-03
-129.20000E-06,-868.38899E-06,-167.47801328E-03
-129.15000E-06,-872.99673E-06,-166.43022768E-03
-129.10000E-06,-880.13257E-06,-165.43655602E-03
-129.05000E-06,-886.00229E-06,-164.49557363E-03
-129.00000E-06,-890.82649E-06,-163.78083105E-03
-128.95000E-06,-898.35926E-06,-163.17903500E-03
-128.90000E-06,-902.65578E-06,-162.60112626E-03
-128.85000E-06,-909.06792E-06,-161.86618235E-03
-128.80000E-06,-915.77654E-06,-161.44530878E-03
-128.75000E-06,-919.94233E-06,-160.71793283E-03
-128.70000E-06,-922.91238E-06,-159.97542096E-03
-128.65000E-06,-928.07789E-06,-159.39751222E-03
-128.60000E-06,-934.08817E-06,-158.81960348E-03
-128.55000E-06,-936.87186E-06,-158.17755553E-03
-128.50000E-06,-944.09359E-06,-157.34971566E-03
-128.45000E-06,-947.66151E-06,-156.44382932E-03
-128.40000E-06,-954.37013E-06,-155.54334004E-03
-128.35000E-06,-958.90373E-06,-154.44409382E-03
-128.30000E-06,-960.00391E-06,-153.15365862E-03
-128.25000E-06,-964.72765E-06,-151.77449586E-03
-128.20000E-06,-970.88911E-06,-150.31581676E-03
-128.15000E-06,-974.25610E-06,-148.77058100E-03
-128.10000E-06,-979.54647E-06,-147.22534523E-03
-128.05000E-06,-981.85810E-06,-145.55305970E-03
-128.00000E-06,-983.76200E-06,-143.82080336E-03
-127.95000E-06,-986.78864E-06,-141.96149725E-03
-127.90000E-06,-991.09105E-06,-140.20752448E-03
-127.85000E-06,-994.24535E-06,-138.39992020E-03
-127.80000E-06,-995.94060E-06,-136.38504879E-03
-127.75000E-06,-1.00094221E-03,-134.90928148E-03
-127.70000E-06,-1.00640043E-03,-133.23359639E-03
-127.65000E-06,-1.00663259E-03,-131.72931354E-03
-127.60000E-06,-1.00996834E-03,-130.44157687E-03
-127.55000E-06,-1.01552114E-03,-129.06265533E-03
-127.50000E-06,-1.01733634E-03,-127.74030504E-03
-127.45000E-06,-1.01922752E-03,-126.54375324E-03
-127.40000E-06,-1.02184054E-03,-125.51985496E-03
-127.35000E-06,-1.02319729E-03,-124.65299186E-03
-127.30000E-06,-1.02469846E-03,-123.85050918E-03
-127.25000E-06,-1.02685303E-03,-123.11556526E-03
-127.20000E-06,-1.02989327E-03,-122.53765653E-03
-127.15000E-06,-1.03414592E-03,-121.92684525E-03
-127.10000E-06,-1.03819765E-03,-121.30967207E-03
-127.05000E-06,-1.04190990E-03,-120.83856654E-03
-127.00000E-06,-1.04456679E-03,-120.05339067E-03
-126.95000E-06,-1.04635075E-03,-119.47085372E-03
-126.90000E-06,-1.05277755E-03,-118.95414445E-03
-126.85000E-06,-1.05679119E-03,-118.48303893E-03
-126.80000E-06,-1.05621859E-03,-117.69786306E-03
-126.75000E-06,-1.05870097E-03,-116.91268719E-03
-126.70000E-06,-1.06029567E-03,-115.97047614E-03
-126.65000E-06,-1.06040298E-03,-114.92437902E-03
-126.60000E-06,-1.06418551E-03,-113.77198371E-03
-126.55000E-06,-1.06753197E-03,-112.51570231E-03
-126.50000E-06,-1.06761874E-03,-111.32963561E-03
-126.45000E-06,-1.06791329E-03,-109.83463181E-03
-126.40000E-06,-1.06371723E-03,-108.41326486E-03
-126.35000E-06,-1.06415129E-03,-106.88509470E-03
-126.30000E-06,-1.06626884E-03,-105.34962040E-03
-126.25000E-06,-1.06633324E-03,-103.54859662E-03
-126.20000E-06,-1.06766165E-03,-101.88850727E-03
-126.15000E-06,-1.07003768E-03,-99.96457952E-03
-126.10000E-06,-1.07290920E-03,-98.15818129E-03
-126.05000E-06,-1.07380653E-03,-96.55369835E-03
-126.00000E-06,-1.07506281E-03,-94.80924583E-03
-125.95000E-06,-1.07369141E-03,-93.44249785E-03
-125.90000E-06,-1.07250734E-03,-91.94409449E-03
-125.85000E-06,-1.07003768E-03,-90.40958503E-03
-125.80000E-06,-1.07192211E-03,-89.02138444E-03
-125.75000E-06,-1.07129397E-03,-87.70414479E-03
-125.70000E-06,-1.07336177E-03,-86.60489857E-03
-125.65000E-06,-1.07380653E-03,-85.50565235E-03
-125.60000E-06,-1.07504526E-03,-84.71608947E-03
-125.55000E-06,-1.07357050E-03,-83.65073324E-03
-125.50000E-06,-1.07276872E-03,-82.83605439E-03
-125.45000E-06,-1.07067556E-03,-82.05087852E-03
-125.40000E-06,-1.06836200E-03,-81.37055357E-03
-125.35000E-06,-1.06878140E-03,-80.76752885E-03
-125.30000E-06,-1.06688917E-03,-79.85238608E-03
-125.25000E-06,-1.06636149E-03,-79.27057276E-03
-125.20000E-06,-1.06622006E-03,-78.53562884E-03
-125.15000E-06,-1.06501256E-03,-77.87408058E-03
-125.10000E-06,-1.06415032E-03,-77.06574102E-03
-125.05000E-06,-1.06322176E-03,-76.17376193E-03
-125.00000E-06,-1.06183869E-03,-75.28178285E-03
-124.95000E-06,-1.06124371E-03,-74.07573341E-03
-124.90000E-06,-1.06124371E-03,-73.61291948E-03
-124.85000E-06,-1.05899938E-03,-72.58292311E-03
-124.80000E-06,-1.05758411E-03,-71.49196848E-03
-124.75000E-06,-1.05590061E-03,-70.15399985E-03
-124.70000E-06,-1.05244974E-03,-68.80140034E-03
-124.65000E-06,-1.05056532E-03,-67.44660732E-03
-124.60000E-06,-1.04791036E-03,-65.75482147E-03
-124.55000E-06,-1.04906617E-03,-64.20958571E-03
-124.50000E-06,-1.04959385E-03,-62.50731477E-03
-124.45000E-06,-1.04805276E-03,-60.96207901E-03
-124.40000E-06,-1.04420003E-03,-59.57387842E-03
-124.35000E-06,-1.04175477E-03,-58.18567784E-03
-124.30000E-06,-1.03823660E-03,-56.48340690E-03
-124.25000E-06,-1.03548995E-03,-54.93817114E-03
-124.20000E-06,-1.03392350E-03,-53.39293537E-03
-124.15000E-06,-1.03088326E-03,-52.00473479E-03
-124.10000E-06,-1.02994592E-03,-50.64384368E-03
-124.05000E-06,-1.02668720E-03,-49.23272061E-03
-124.00000E-06,-1.02543969E-03,-48.20004832E-03
-123.95000E-06,-1.02161917E-03,-47.17615004E-03
-123.90000E-06,-1.01974352E-03,-46.15225176E-03
-123.85000E-06,-1.02355527E-03,-45.28538865E-03
-123.80000E-06,-1.02351044E-03,-44.45217433E-03
-123.75000E-06,-1.01849602E-03,-43.56872804E-03
-123.70000E-06,-1.01433216E-03,-42.80866815E-03
-123.65000E-06,-1.01086471E-03,-42.09030742E-03
-123.60000E-06,-1.00587371E-03,-41.51239868E-03
-123.55000E-06,-1.00141724E-03,-40.93448994E-03
-123.50000E-06,-996.53355E-06,-40.19954603E-03
-123.45000E-06,-993.28554E-06,-39.62163729E-03
-123.40000E-06,-989.71763E-06,-39.01299691E-03
-123.35000E-06,-983.35427E-06,-38.23806492E-03
-123.30000E-06,-979.68299E-06,-37.45288905E-03
-123.25000E-06,-977.98678E-06,-36.75330500E-03
-123.20000E-06,-977.70100E-06,-35.88253730E-03
-123.15000E-06,-978.58368E-06,-34.91911486E-03
-123.10000E-06,-976.47596E-06,-34.00201980E-03
-123.05000E-06,-973.93216E-06,-32.89886899E-03
-123.00000E-06,-971.41959E-06,-31.79962277E-03
-122.95000E-06,-970.79145E-06,-30.30852356E-03
-122.90000E-06,-964.08871E-06,-29.02469147E-03
-122.85000E-06,-960.63100E-06,-27.55967307E-03
-122.80000E-06,-956.98210E-06,-25.83228616E-03
-122.75000E-06,-954.64125E-06,-24.48701339E-03
-122.70000E-06,-950.19943E-06,-22.99200959E-03
-122.65000E-06,-945.62099E-06,-21.24463994E-03
-122.60000E-06,-943.30936E-06,-19.72695487E-03
-122.55000E-06,-939.74144E-06,-18.03589265E-03
-122.50000E-06,-937.46490E-06,-16.54088885E-03
-122.45000E-06,-935.05280E-06,-14.87250790E-03
-122.40000E-06,-931.55025E-06,-13.27826884E-03
-122.35000E-06,-928.51493E-06,-11.78449370E-03
-122.30000E-06,-925.93208E-06,-10.49552837E-03
-122.25000E-06,-924.29351E-06,-9.22290501E-03
-122.20000E-06,-919.85160E-06,-8.02685824E-03
-122.15000E-06,-918.61577E-06,-6.97806258E-03
-122.10000E-06,-918.02764E-06,-5.73178386E-03
-122.05000E-06,-912.22811E-06,-4.78957281E-03
-122.00000E-06,-905.17808E-06,-3.84736177E-03
-121.95000E-06,-902.13784E-06,-3.06218590E-03
-121.90000E-06,-896.75666E-06,-2.29846263E-03
-121.85000E-06,-892.93131E-06,-1.80590450E-03
-121.80000E-06,-888.73526E-06,-1.04950799E-03
-121.75000E-06,-883.28292E-06,-392.58794E-06
-121.70000E-06,-877.82663E-06,+313.57662E-06
-121.65000E-06,-871.96173E-06,+1.02072863E-03
-121.60000E-06,-869.03266E-06,+1.64886933E-03
-121.55000E-06,-865.25311E-06,+2.43404520E-03
-121.50000E-06,-862.12311E-06,+3.03974584E-03
-121.45000E-06,-860.61914E-06,+3.95684091E-03
-121.40000E-06,-856.71377E-06,+5.04266229E-03
-121.35000E-06,-851.83587E-06,+5.96877257E-03
-121.30000E-06,-847.62139E-06,+7.05632765E-03
-121.25000E-06,-841.39447E-06,+8.26237708E-03
-121.20000E-06,-839.01071E-06,+9.62546169E-03
-121.15000E-06,-833.25997E-06,+11.22018317E-03
-121.10000E-06,-827.38042E-06,+12.62373828E-03
-121.05000E-06,-823.28184E-06,+14.15995882E-03
-121.00000E-06,-820.18018E-06,+15.78688182E-03
-120.95000E-06,-816.83557E-06,+17.41380482E-03
-120.90000E-06,-814.38442E-06,+19.07001220E-03
-120.85000E-06,-810.40597E-06,+20.77228314E-03
-120.80000E-06,-804.81412E-06,+22.47455408E-03
-120.75000E-06,-799.64948E-06,+24.17682501E-03
-120.70000E-06,-793.46854E-06,+25.92590574E-03
-120.65000E-06,-791.51103E-06,+27.58136689E-03
-120.60000E-06,-788.63065E-06,+28.81253230E-03
-120.55000E-06,-785.48995E-06,+30.20073289E-03
-120.50000E-06,-782.56386E-06,+31.53920655E-03
-120.45000E-06,-777.32412E-06,+32.89886899E-03
-120.40000E-06,-775.22710E-06,+34.05126430E-03
-120.35000E-06,-770.30244E-06,+35.22636350E-03
-120.30000E-06,-766.63406E-06,+36.03957248E-03
-120.25000E-06,-761.34764E-06,+36.78035065E-03
-120.20000E-06,-757.41288E-06,+37.62501491E-03
-120.15000E-06,-754.03422E-06,+38.26241204E-03
-120.10000E-06,-750.61854E-06,+38.82814722E-03
-120.05000E-06,-747.03588E-06,+39.52871872E-03
-120.00000E-06,-742.07419E-06,+39.99322112E-03
-119.95000E-06,-737.87813E-06,+40.87594378E-03
-119.90000E-06,-734.93836E-06,+41.56991216E-03
-119.85000E-06,-730.37852E-06,+42.12270492E-03
-119.80000E-06,-727.43769E-06,+42.76670517E-03
-119.75000E-06,-723.44362E-06,+43.65868425E-03
-119.70000E-06,-717.46360E-06,+44.40922389E-03
-119.65000E-06,-713.91999E-06,+45.30464776E-03
-119.60000E-06,-710.25161E-06,+46.36925774E-03
-119.55000E-06,-707.98963E-06,+47.50314019E-03
-119.50000E-06,-704.85008E-06,+48.83158857E-03
-119.45000E-06,-697.17384E-06,+50.10980499E-03
-119.40000E-06,-693.69367E-06,+51.60798975E-03
-119.35000E-06,-690.62798E-06,+52.99300938E-03
-119.30000E-06,-687.38681E-06,+54.56972303E-03
-119.25000E-06,-684.35930E-06,+56.29710995E-03
-119.20000E-06,-681.53271E-06,+58.02447425E-03
-119.15000E-06,-679.54773E-06,+59.70162921E-03
-119.10000E-06,-675.96727E-06,+61.63630587E-03
-119.05000E-06,-669.27129E-06,+63.36685113E-03
-119.00000E-06,-664.52229E-06,+64.71113644E-03
-118.95000E-06,-661.30639E-06,+66.47313698E-03
-118.90000E-06,-656.04234E-06,+68.02787038E-03
-118.85000E-06,-655.61513E-06,+69.31560705E-03
-118.80000E-06,-653.30349E-06,+70.84818683E-03
-118.75000E-06,-650.99186E-06,+72.01962265E-03
-118.70000E-06,-649.30836E-06,+73.38270726E-03
-118.65000E-06,-645.76406E-06,+74.54802237E-03
-118.60000E-06,-639.65997E-06,+75.57192065E-03
-118.55000E-06,-638.60462E-06,+76.43878376E-03
-118.50000E-06,-633.61661E-06,+77.26469395E-03
-118.45000E-06,-629.64771E-06,+77.99963786E-03
-118.40000E-06,-624.72305E-06,+78.74386082E-03
-118.35000E-06,-619.66080E-06,+79.38128056E-03
-118.30000E-06,-616.36805E-06,+80.00942125E-03
-118.25000E-06,-616.18159E-06,+80.79459712E-03
-118.20000E-06,-611.93395E-06,+81.42273782E-03
-118.15000E-06,-606.92058E-06,+82.20791369E-03
-118.10000E-06,-601.45648E-06,+82.67901921E-03
-118.05000E-06,-596.64404E-06,+83.46419509E-03
-118.00000E-06,-594.74786E-06,+84.40640613E-03
-117.95000E-06,-589.19506E-06,+85.42736467E-03
-117.90000E-06,-583.62682E-06,+86.34445973E-03
-117.85000E-06,-577.57538E-06,+87.67562926E-03
-117.80000E-06,-571.89492E-06,+88.80679056E-03
-117.75000E-06,-568.95514E-06,+90.01623955E-03
-117.70000E-06,-565.57455E-06,+91.48952692E-03
-117.65000E-06,-562.78779E-06,+92.99766913E-03
-117.60000E-06,-560.76395E-06,+94.53950534E-03
-117.55000E-06,-553.91591E-06,+96.13157351E-03
-117.50000E-06,-551.78265E-06,+97.62657731E-03
-117.45000E-06,-551.88312E-06,+99.43565146E-03
-117.40000E-06,-545.86415E-06,+101.20423251E-03
-117.35000E-06,-542.19296E-06,+102.92258159E-03
-117.30000E-06,-538.72831E-06,+104.45807850E-03
-117.25000E-06,-532.48306E-06,+106.20084255E-03
-117.20000E-06,-527.13118E-06,+107.57096747E-03
-117.15000E-06,-522.96329E-06,+109.20892582E-03
-117.10000E-06,-519.92305E-06,+110.59712641E-03
-117.05000E-06,-516.64573E-06,+111.88756162E-03
-117.00000E-06,-514.08622E-06,+113.21649241E-03
-116.95000E-06,-509.79392E-06,+114.40012440E-03
-116.90000E-06,-506.50581E-06,+115.49937062E-03
-116.85000E-06,-505.96734E-06,+116.28184796E-03
-116.80000E-06,-506.37296E-06,+117.22675754E-03
-116.75000E-06,-504.50636E-06,+118.01193341E-03
-116.70000E-06,-496.85741E-06,+118.87609798E-03
-116.65000E-06,-496.11425E-06,+119.58228515E-03
-116.60000E-06,-490.14879E-06,+120.36746102E-03
-116.55000E-06,-483.96785E-06,+121.15263689E-03
-116.50000E-06,-479.67133E-06,+121.75930237E-03
-116.45000E-06,-475.56117E-06,+122.58321504E-03
-116.40000E-06,-470.05435E-06,+123.37837097E-03
-116.35000E-06,-466.30007E-06,+124.15990608E-03
-116.30000E-06,-461.57634E-06,+125.11361229E-03
-116.25000E-06,-456.93244E-06,+126.04068741E-03
-116.20000E-06,-455.77663E-06,+127.24673685E-03
-116.15000E-06,-450.85196E-06,+128.41253438E-03
-116.10000E-06,-446.81692E-06,+129.68513513E-03
-116.05000E-06,-442.98279E-06,+130.99798778E-03
-116.00000E-06,-438.42480E-06,+132.46787561E-03
-115.95000E-06,-433.53533E-06,+133.79704761E-03
-115.90000E-06,-428.14827E-06,+135.59107630E-03
-115.85000E-06,-425.20849E-06,+137.13631206E-03
-115.80000E-06,-423.68091E-06,+138.95664016E-03
-115.75000E-06,-423.05277E-06,+140.69788911E-03
-115.70000E-06,-419.28392E-06,+142.44793468E-03
-115.65000E-06,-414.79630E-06,+144.07977233E-03
-115.60000E-06,-410.50961E-06,+145.33113907E-03
-115.55000E-06,-406.94169E-06,+146.77694359E-03
-115.50000E-06,-398.55941E-06,+148.42406792E-03
-115.45000E-06,-391.63433E-06,+149.89149842E-03
-115.40000E-06,-388.28857E-06,+151.35750427E-03
-115.35000E-06,-383.87606E-06,+152.68770896E-03
-115.30000E-06,-379.05186E-06,+153.97298830E-03
-115.25000E-06,-374.85580E-06,+155.02976650E-03
-115.20000E-06,-367.88984E-06,+156.03243078E-03
-115.15000E-06,-365.54969E-06,+156.89929388E-03
-115.10000E-06,-361.54220E-06,+157.70570376E-03
-115.05000E-06,-353.67459E-06,+158.44064768E-03
-115.00000E-06,-348.18137E-06,+159.16537032E-03
-114.95000E-06,-344.02620E-06,+159.92543021E-03
-114.90000E-06,-338.26580E-06,+160.64547941E-03
-114.85000E-06,-331.86524E-06,+161.38042332E-03
-114.80000E-06,-330.08794E-06,+161.95833206E-03
-114.75000E-06,-328.20352E-06,+162.69327597E-03
-114.70000E-06,-328.69918E-06,+163.44478045E-03
-114.65000E-06,-321.36242E-06,+164.32875438E-03
-114.60000E-06,-316.89699E-06,+165.24584945E-03
-114.55000E-06,-311.94917E-06,+166.37876706E-03
-114.50000E-06,-305.92607E-06,+167.39410993E-03
-114.45000E-06,-302.88583E-06,+168.67329119E-03
-114.40000E-06,-298.40611E-06,+170.14761124E-03
-114.35000E-06,-291.79795E-06,+171.39946040E-03
-114.30000E-06,-287.48370E-06,+172.97424438E-03
-114.25000E-06,-281.30276E-06,+174.64918322E-03
-114.20000E-06,-276.99861E-06,+176.43283234E-03
-114.15000E-06,-273.33786E-06,+178.10808023E-03
-114.10000E-06,-268.17929E-06,+180.04082722E-03
-114.05000E-06,-263.50503E-06,+181.92524931E-03
-114.00000E-06,-259.90413E-06,+183.43262266E-03
-113.95000E-06,-253.19551E-06,+185.14947925E-03
-113.90000E-06,-246.77179E-06,+186.83709669E-03
-113.85000E-06,-245.33134E-06,+188.38873959E-03
-113.80000E-06,-237.46663E-06,+189.88374339E-03
-113.75000E-06,-234.48501E-06,+191.22171202E-03
-113.70000E-06,-226.67918E-06,+192.87375100E-03
-113.65000E-06,-218.75613E-06,+194.17195015E-03
-113.60000E-06,-217.02262E-06,+195.23561791E-03
-113.55000E-06,-215.32194E-06,+196.25951619E-03
-113.50000E-06,-208.35378E-06,+197.28341447E-03
-113.45000E-06,-206.14260E-06,+198.15027758E-03
-113.40000E-06,-201.35236E-06,+198.88504812E-03
-113.35000E-06,-197.68398E-06,+199.67022399E-03
-113.30000E-06,-194.01560E-06,+200.51394603E-03
-113.25000E-06,-186.91302E-06,+201.39761091E-03
-113.20000E-06,-181.02557E-06,+202.07400866E-03
-113.15000E-06,-175.47277E-06,+202.94482158E-03
-113.10000E-06,-171.17625E-06,+203.59610335E-03
-113.05000E-06,-169.91207E-06,+204.40837010E-03
-113.00000E-06,-164.67645E-06,+205.48052544E-03
-112.95000E-06,-159.53341E-06,+206.50244881E-03
-112.90000E-06,-153.77178E-06,+207.57657905E-03
-112.85000E-06,-144.55059E-06,+208.90581890E-03
-112.80000E-06,-138.48757E-06,+210.19594505E-03
-112.75000E-06,-133.72892E-06,+211.54264247E-03
-112.70000E-06,-128.37705E-06,+212.99177870E-03
-112.65000E-06,-125.59801E-06,+214.54771815E-03
-112.60000E-06,-122.31403E-06,+216.02765388E-03
-112.55000E-06,-116.23355E-06,+217.71551252E-03
-112.50000E-06,-114.00754E-06,+219.34243552E-03
-112.45000E-06,-110.46930E-06,+221.14080599E-03
-112.40000E-06,-103.17535E-06,+223.02785877E-03
-112.35000E-06,-96.56719E-06,+224.62966579E-03
-112.30000E-06,-90.58718E-06,+226.16419786E-03
-112.25000E-06,-85.74121E-06,+227.79112086E-03
-112.20000E-06,-79.88343E-06,+229.26100869E-03
-112.15000E-06,-71.98670E-06,+230.60615331E-03
-112.10000E-06,-71.29398E-06,+232.01946988E-03
-112.05000E-06,-68.78141E-06,+233.27575127E-03
-112.00000E-06,-61.91109E-06,+234.52222597E-03
-111.95000E-06,-56.02461E-06,+235.63127888E-03
-111.90000E-06,-53.51898E-06,+236.73052510E-03
-111.85000E-06,-49.94413E-06,+237.51396728E-03
-111.80000E-06,-50.45793E-06,+238.30087684E-03
-111.75000E-06,-46.79194E-06,+239.08605272E-03
-111.70000E-06,-39.25880E-06,+239.95118213E-03
-111.65000E-06,-34.23368E-06,+240.65640446E-03
-111.60000E-06,-27.83338E-06,+241.44158033E-03
-111.55000E-06,-22.26216E-06,+242.22675620E-03
-111.50000E-06,-15.71762E-06,+242.83438652E-03
-111.45000E-06,-11.17497E-06,+243.54882005E-03
-111.40000E-06,-6.53328E-06,+244.44079914E-03
-111.35000E-06,-2.72066E-06,+245.23691991E-03
-111.30000E-06,+2.63122E-06,+246.10378301E-03
-111.25000E-06,+6.68303E-06,+246.98159102E-03
-111.20000E-06,+9.62280E-06,+248.46564993E-03
-111.15000E-06,+15.07514E-06,+249.60729632E-03
-111.10000E-06,+18.38545E-06,+250.82751684E-03
-111.05000E-06,+24.09540E-06,+252.23300162E-03
-111.00000E-06,+29.37814E-06,+253.58825444E-03
-110.95000E-06,+31.30037E-06,+255.01574209E-03
-110.90000E-06,+34.86180E-06,+256.66616044E-03
-110.85000E-06,+38.99520E-06,+258.24434397E-03
-110.80000E-06,+43.81940E-06,+259.97173088E-03
-110.75000E-06,+53.66873E-06,+261.68979353E-03
-110.70000E-06,+57.47487E-06,+263.36694849E-03
-110.65000E-06,+63.41161E-06,+265.28730331E-03
-110.60000E-06,+69.39163E-06,+266.56571571E-03
-110.55000E-06,+69.93125E-06,+268.13755994E-03
-110.50000E-06,+75.06281E-06,+269.65618724E-03
-110.45000E-06,+77.26801E-06,+271.12458258E-03
-110.40000E-06,+82.63330E-06,+272.53454482E-03
-110.35000E-06,+88.61331E-06,+273.79082621E-03
-110.30000E-06,+95.77206E-06,+275.04710761E-03
-110.25000E-06,+97.59479E-06,+275.94878032E-03
-110.20000E-06,+101.97483E-06,+276.95240943E-03
-110.15000E-06,+107.16211E-06,+277.74877141E-03
-110.10000E-06,+110.10189E-06,+278.62471757E-03
-110.05000E-06,+114.92609E-06,+279.35966149E-03
-110.00000E-06,+116.56484E-06,+279.93757022E-03
-109.95000E-06,+120.80564E-06,+280.82954931E-03
-109.90000E-06,+125.62984E-06,+281.52544737E-03
-109.85000E-06,+131.08217E-06,+282.14240196E-03
-109.80000E-06,+133.75092E-06,+282.87734587E-03
-109.75000E-06,+135.87601E-06,+283.45525461E-03
-109.70000E-06,+140.59974E-06,+284.19019852E-03
-109.65000E-06,+145.41456E-06,+284.94032358E-03
-109.60000E-06,+149.81155E-06,+285.88253463E-03
-109.55000E-06,+154.77094E-06,+286.98178085E-03
-109.50000E-06,+159.53005E-06,+288.07218522E-03
-109.45000E-06,+163.19843E-06,+289.22925397E-03
-109.40000E-06,+166.96227E-06,+290.59358985E-03
-109.35000E-06,+172.41460E-06,+291.69158480E-03
-109.30000E-06,+176.19346E-06,+293.13251990E-03
-109.25000E-06,+183.74149E-06,+294.78205632E-03
-109.20000E-06,+186.22836E-06,+296.33112883E-03
-109.15000E-06,+187.94255E-06,+298.02956302E-03
-109.10000E-06,+192.13861E-06,+299.85866513E-03
-109.05000E-06,+196.31431E-06,+301.43919291E-03
-109.00000E-06,+199.27444E-06,+303.09631991E-03
-108.95000E-06,+204.99377E-06,+304.81510619E-03
-108.90000E-06,+210.80726E-06,+306.33013795E-03
-108.85000E-06,+215.87809E-06,+307.89540167E-03
-108.80000E-06,+219.68134E-06,+309.42694877E-03
-108.75000E-06,+222.72158E-06,+310.72837411E-03
-108.70000E-06,+226.28045E-06,+312.36672442E-03
-108.65000E-06,+231.63232E-06,+313.67957707E-03
-108.60000E-06,+235.09978E-06,+314.83539455E-03
-108.55000E-06,+240.17966E-06,+315.92321345E-03
-108.50000E-06,+244.54724E-06,+316.83295915E-03
-108.45000E-06,+248.01470E-06,+317.79620822E-03
-108.40000E-06,+252.76783E-06,+318.69553667E-03
-108.35000E-06,+258.84831E-06,+319.48806190E-03
-108.30000E-06,+263.04436E-06,+320.27323778E-03
-108.25000E-06,+265.42287E-06,+320.97571634E-03
-108.20000E-06,+268.09889E-06,+321.84358952E-03
-108.15000E-06,+272.92713E-06,+322.62876539E-03
-108.10000E-06,+274.80751E-06,+323.09987091E-03
-108.05000E-06,+280.88395E-06,+323.91117283E-03
-108.00000E-06,+287.38760E-06,+324.82725783E-03
-107.95000E-06,+290.82050E-06,+325.77378804E-03
-107.90000E-06,+293.02763E-06,+326.86871509E-03
-107.85000E-06,+296.29011E-06,+327.96796131E-03
-107.80000E-06,+301.23609E-06,+329.22957194E-03
-107.75000E-06,+307.86556E-06,+330.28391543E-03
-107.70000E-06,+310.70488E-06,+331.82636220E-03
-107.65000E-06,+314.17233E-06,+333.18411758E-03
-107.60000E-06,+317.63978E-06,+334.65400540E-03
-107.55000E-06,+320.96009E-06,+336.19746224E-03
-107.50000E-06,+326.31908E-06,+337.75081622E-03
-107.45000E-06,+331.12905E-06,+339.69180957E-03
-107.40000E-06,+336.53472E-06,+341.43720431E-03
-107.35000E-06,+340.88503E-06,+343.03901133E-03
-107.30000E-06,+347.23846E-06,+344.72961374E-03
-107.25000E-06,+349.90528E-06,+346.35653674E-03
-107.20000E-06,+352.91709E-06,+347.96545191E-03
-107.15000E-06,+357.09798E-06,+349.47467202E-03
-107.10000E-06,+361.49496E-06,+350.89509674E-03
-107.05000E-06,+362.75125E-06,+352.30841331E-03
-107.00000E-06,+364.63567E-06,+353.63927379E-03
-106.95000E-06,+365.03137E-06,+354.87043920E-03
-106.90000E-06,+368.59929E-06,+356.07725749E-03
-106.85000E-06,+375.92990E-06,+356.86243336E-03
-106.80000E-06,+384.32201E-06,+357.64760923E-03
-106.75000E-06,+389.55729E-06,+358.53881946E-03
-106.70000E-06,+393.22567E-06,+359.29887936E-03
-106.65000E-06,+396.44763E-06,+360.16017202E-03
-106.60000E-06,+398.67801E-06,+360.78831272E-03
-106.55000E-06,+401.74053E-06,+361.42202386E-03
-106.50000E-06,+406.56473E-06,+362.16253821E-03
-106.45000E-06,+409.68315E-06,+362.85282060E-03
-106.40000E-06,+414.95684E-06,+363.47539086E-03
-106.35000E-06,+422.67318E-06,+364.21033477E-03
-106.30000E-06,+423.64516E-06,+364.98230440E-03
-106.25000E-06,+428.17316E-06,+365.83725777E-03
-106.20000E-06,+432.42204E-06,+367.03010096E-03
-106.15000E-06,+433.57785E-06,+368.01567702E-03
-106.10000E-06,+437.87438E-06,+369.07789752E-03
-106.05000E-06,+442.71874E-06,+370.32731197E-03
-106.00000E-06,+445.83928E-06,+371.59679961E-03
-105.95000E-06,+448.95251E-06,+373.09180341E-03
-105.90000E-06,+453.12110E-06,+374.44350593E-03
-105.85000E-06,+458.22863E-06,+376.02072462E-03
-105.80000E-06,+463.65350E-06,+377.84804780E-03
-105.75000E-06,+467.32188E-06,+379.54292415E-03
-105.70000E-06,+472.67587E-06,+381.25258968E-03
-105.65000E-06,+475.18843E-06,+383.08730745E-03
-105.60000E-06,+477.07074E-06,+384.50009638E-03
-105.55000E-06,+480.11098E-06,+386.09661939E-03
-105.50000E-06,+482.52308E-06,+388.01091382E-03
-105.45000E-06,+487.44774E-06,+389.37399843E-03
-105.40000E-06,+493.22472E-06,+390.93906616E-03
-105.35000E-06,+496.54521E-06,+392.47849028E-03
-105.30000E-06,+500.98869E-06,+393.62028743E-03
-105.25000E-06,+505.81289E-06,+394.96406771E-03
-105.20000E-06,+510.90987E-06,+396.10058085E-03
-105.15000E-06,+515.11129E-06,+396.94232798E-03
-105.10000E-06,+519.14966E-06,+397.87872738E-03
-105.05000E-06,+525.10968E-06,+398.70832356E-03
-105.00000E-06,+529.98248E-06,+399.43111652E-03
-104.95000E-06,+535.38622E-06,+400.33524655E-03
-104.90000E-06,+538.32599E-06,+400.91315529E-03
-104.85000E-06,+541.89391E-06,+401.55426102E-03
-104.80000E-06,+545.18694E-06,+402.29473015E-03
-104.75000E-06,+545.26090E-06,+402.96095185E-03
-104.70000E-06,+551.48930E-06,+403.67740552E-03
-104.65000E-06,+558.07650E-06,+404.28705597E-03
-104.60000E-06,+562.49999E-06,+405.10397356E-03
-104.55000E-06,+564.38441E-06,+406.01444289E-03
-104.50000E-06,+567.52511E-06,+406.94974176E-03
-104.45000E-06,+571.69352E-06,+408.10584567E-03
-104.40000E-06,+575.16212E-06,+409.31218155E-03
-104.35000E-06,+578.82935E-06,+410.41114133E-03
-104.30000E-06,+584.28169E-06,+411.69311157E-03
-104.25000E-06,+589.30796E-06,+413.29405928E-03
-104.20000E-06,+595.79144E-06,+414.73854469E-03
-104.15000E-06,+600.41357E-06,+416.37876438E-03
-104.10000E-06,+604.71009E-06,+418.10615130E-03
-104.05000E-06,+609.03082E-06,+419.53762645E-03
-104.00000E-06,+613.22688E-06,+421.32763748E-03
-103.95000E-06,+616.97151E-06,+423.06741656E-03
-103.90000E-06,+620.99085E-06,+424.58148348E-03
-103.85000E-06,+625.43741E-06,+426.20840648E-03
-103.80000E-06,+629.23293E-06,+427.83532948E-03
-103.75000E-06,+631.69460E-06,+429.29282514E-03
-103.70000E-06,+635.26252E-06,+431.07645165E-03
-103.65000E-06,+640.41214E-06,+432.40202812E-03
-103.60000E-06,+644.40727E-06,+433.62080138E-03
-103.55000E-06,+648.47883E-06,+434.71366307E-03
-103.50000E-06,+654.73470E-06,+435.86948055E-03
-103.45000E-06,+657.57401E-06,+436.83079994E-03
-103.40000E-06,+662.34882E-06,+437.73554808E-03
-103.35000E-06,+667.02148E-06,+438.67775912E-03
-103.30000E-06,+669.91205E-06,+439.46293499E-03
-103.25000E-06,+672.39889E-06,+440.16637840E-03
-103.20000E-06,+677.44973E-06,+440.98310000E-03
-103.15000E-06,+681.84672E-06,+441.66142743E-03
-103.10000E-06,+684.35946E-06,+442.13253295E-03
-103.05000E-06,+688.02748E-06,+442.91770882E-03
-103.00000E-06,+692.32400E-06,+443.70288470E-03
-102.95000E-06,+696.62052E-06,+444.56970258E-03
-102.90000E-06,+700.91704E-06,+445.37374558E-03
-102.85000E-06,+703.32914E-06,+446.37248266E-03
-102.80000E-06,+708.22863E-06,+447.32728184E-03
-102.75000E-06,+712.47504E-06,+448.51450937E-03
-102.70000E-06,+719.18366E-06,+449.80854011E-03
-102.65000E-06,+724.71171E-06,+450.96435758E-03
-102.60000E-06,+727.07285E-06,+452.59128058E-03
-102.55000E-06,+728.95727E-06,+454.09891775E-03
-102.50000E-06,+734.08346E-06,+455.67545804E-03
-102.45000E-06,+737.07317E-06,+457.61660214E-03
-102.40000E-06,+737.30006E-06,+459.41304292E-03
-102.35000E-06,+742.90279E-06,+461.03996592E-03
-102.30000E-06,+745.91707E-06,+462.89312872E-03
-102.25000E-06,+750.03862E-06,+464.53902438E-03
-102.20000E-06,+754.93871E-06,+466.37286778E-03
-102.15000E-06,+760.36431E-06,+468.03105007E-03
-102.10000E-06,+765.13936E-06,+469.64494773E-03
-102.05000E-06,+767.27385E-06,+471.28470008E-03
-102.00000E-06,+770.06480E-06,+472.74844459E-03
-101.95000E-06,+774.81154E-06,+474.16770849E-03
-101.90000E-06,+776.16907E-06,+475.42398988E-03
-101.85000E-06,+779.83824E-06,+476.20994969E-03
-101.80000E-06,+781.09295E-06,+477.33333197E-03
-101.75000E-06,+786.97407E-06,+478.40765819E-03
-101.70000E-06,+788.98510E-06,+479.27471728E-03
-101.65000E-06,+794.10990E-06,+480.13504511E-03
-101.60000E-06,+798.30596E-06,+480.88856972E-03
-101.55000E-06,+804.38644E-06,+481.39786178E-03
-101.50000E-06,+808.02868E-06,+482.13934098E-03
-101.45000E-06,+808.73114E-06,+482.87428489E-03
-101.40000E-06,+810.34031E-06,+483.52100628E-03
-101.35000E-06,+813.50969E-06,+484.18713754E-03
-101.30000E-06,+820.64552E-06,+484.96007201E-03
-101.25000E-06,+825.11430E-06,+485.65702536E-03
-101.20000E-06,+827.52640E-06,+486.85083339E-03
-101.15000E-06,+832.00277E-06,+487.75505388E-03
-101.10000E-06,+837.75397E-06,+488.83615660E-03
-101.05000E-06,+840.97152E-06,+490.06141991E-03
-101.00000E-06,+844.71248E-06,+491.26049687E-03
-100.95000E-06,+848.38086E-06,+492.75550067E-03
-100.90000E-06,+850.21203E-06,+494.10527351E-03
-100.85000E-06,+850.31250E-06,+495.83856253E-03
-100.80000E-06,+854.98902E-06,+497.50981538E-03
-100.75000E-06,+859.91368E-06,+499.28787145E-03
-100.70000E-06,+863.58206E-06,+501.07139243E-03
-100.65000E-06,+866.62230E-06,+502.90514537E-03
-100.60000E-06,+872.80674E-06,+504.32108509E-03
-100.55000E-06,+876.57034E-06,+506.04584885E-03
-100.50000E-06,+877.82662E-06,+507.98771658E-03
-100.45000E-06,+880.99617E-06,+509.42571194E-03
-100.40000E-06,+882.62371E-06,+511.17100115E-03
-100.35000E-06,+884.23559E-06,+512.51618346E-03
-100.30000E-06,+887.87687E-06,+513.90438405E-03
-100.25000E-06,+892.68192E-06,+515.09887049E-03
-100.20000E-06,+897.85997E-06,+516.27980394E-03
-100.15000E-06,+900.51925E-06,+517.30370222E-03
-100.10000E-06,+902.57749E-06,+518.17056533E-03
-100.05000E-06,+907.50216E-06,+518.99919667E-03
-100.00000E-06,+913.73556E-06,+519.72102479E-03
-99.95000E-06,+917.97962E-06,+520.61411948E-03
-99.90000E-06,+920.87140E-06,+521.20402841E-03
-99.85000E-06,+922.55489E-06,+521.78193714E-03
-99.80000E-06,+924.58778E-06,+522.20281071E-03
-99.75000E-06,+928.07787E-06,+522.93775462E-03
-99.70000E-06,+930.19576E-06,+523.51566336E-03
-99.65000E-06,+933.70849E-06,+524.10489388E-03
-99.60000E-06,+936.24370E-06,+524.76381145E-03
-99.55000E-06,+939.16083E-06,+525.61935277E-03
-99.50000E-06,+941.57293E-06,+526.46042150E-03
-99.45000E-06,+945.44495E-06,+527.40263254E-03
-99.40000E-06,+951.42226E-06,+528.50187876E-03
-99.35000E-06,+955.08792E-06,+529.44680342E-03
-99.30000E-06,+953.83164E-06,+530.70037120E-03
-99.25000E-06,+955.71606E-06,+532.17161583E-03
-99.20000E-06,+960.44251E-06,+533.60936997E-03
-99.15000E-06,+961.99747E-06,+535.41142643E-03
-99.10000E-06,+965.39524E-06,+537.17094702E-03
-99.05000E-06,+970.19137E-06,+538.73021819E-03
-99.00000E-06,+973.23161E-06,+540.52119406E-03
-98.95000E-06,+977.35527E-06,+542.41897315E-03
-98.90000E-06,+978.68395E-06,+544.08911040E-03
-98.85000E-06,+981.60476E-06,+545.77962236E-03
-98.80000E-06,+987.73867E-06,+547.53846455E-03
-98.75000E-06,+990.26380E-06,+549.25723575E-03
-98.70000E-06,+991.42601E-06,+551.06790792E-03
-98.65000E-06,+995.76957E-06,+552.41763553E-03
-98.60000E-06,+996.54521E-06,+553.94569263E-03
-98.55000E-06,+998.08120E-06,+555.23342930E-03
-98.50000E-06,+1.00381325E-03,+556.31931852E-03
-98.45000E-06,+1.00541796E-03,+557.61247487E-03
-98.40000E-06,+1.00596732E-03,+558.64721252E-03
-98.35000E-06,+1.01062602E-03,+559.59484325E-03
-98.30000E-06,+1.01202612E-03,+560.63843783E-03
-98.25000E-06,+1.01727385E-03,+561.39849772E-03
-98.20000E-06,+1.02187544E-03,+562.37032482E-03
-98.15000E-06,+1.02763653E-03,+563.33765184E-03
-98.10000E-06,+1.03046848E-03,+563.83847141E-03
-98.05000E-06,+1.03225244E-03,+564.77700400E-03
-98.00000E-06,+1.03486179E-03,+565.66990270E-03
-97.95000E-06,+1.03866335E-03,+566.66142609E-03
-97.90000E-06,+1.04200130E-03,+567.70318144E-03
-97.85000E-06,+1.04616832E-03,+568.85991853E-03
-97.80000E-06,+1.04676743E-03,+569.96642366E-03
-97.75000E-06,+1.04735318E-03,+571.16187494E-03
-97.70000E-06,+1.04850899E-03,+572.49984356E-03
-97.65000E-06,+1.05217737E-03,+573.99484737E-03
-97.60000E-06,+1.05610108E-03,+575.46047633E-03
-97.55000E-06,+1.06045199E-03,+576.90524817E-03
-97.50000E-06,+1.06391944E-03,+578.62329575E-03
-97.45000E-06,+1.06873532E-03,+580.57996773E-03
-97.40000E-06,+1.07476973E-03,+582.06137333E-03
-97.35000E-06,+1.07809064E-03,+583.87886722E-03
-97.30000E-06,+1.08134420E-03,+585.45555825E-03
-97.25000E-06,+1.08367655E-03,+586.94214233E-03
-97.20000E-06,+1.08393652E-03,+588.70616299E-03
-97.15000E-06,+1.08507162E-03,+589.90263187E-03
-97.10000E-06,+1.08888189E-03,+591.63001879E-03
-97.05000E-06,+1.09242909E-03,+592.98792492E-03
-97.00000E-06,+1.09861004E-03,+594.37612551E-03
-96.95000E-06,+1.10102213E-03,+595.55589814E-03
-96.90000E-06,+1.10343423E-03,+596.81217954E-03
-96.85000E-06,+1.10646983E-03,+597.44612435E-03
-96.80000E-06,+1.10782193E-03,+598.53956645E-03
-96.75000E-06,+1.11169124E-03,+599.43270636E-03
-96.70000E-06,+1.11622333E-03,+600.26695337E-03
-96.65000E-06,+1.11903264E-03,+600.99439716E-03
-96.60000E-06,+1.12117799E-03,+601.68026994E-03
-96.55000E-06,+1.12465591E-03,+602.30841063E-03
-96.50000E-06,+1.12642941E-03,+603.04073893E-03
-96.45000E-06,+1.13108268E-03,+603.63626352E-03
-96.40000E-06,+1.13285174E-03,+604.21417226E-03
-96.35000E-06,+1.13890201E-03,+604.85615238E-03
-96.30000E-06,+1.14368595E-03,+605.56598031E-03
-96.25000E-06,+1.14432434E-03,+606.40516458E-03
-96.20000E-06,+1.14904808E-03,+607.44546513E-03
-96.15000E-06,+1.15314367E-03,+608.32360480E-03
-96.10000E-06,+1.15560088E-03,+609.34750308E-03
-96.05000E-06,+1.15979693E-03,+610.44181204E-03
-96.00000E-06,+1.16148043E-03,+611.55233482E-03
-95.95000E-06,+1.16442020E-03,+612.89030345E-03
-95.90000E-06,+1.16802762E-03,+614.23814661E-03
-95.85000E-06,+1.17116832E-03,+615.68645369E-03
-95.80000E-06,+1.17449581E-03,+617.43048408E-03
-95.75000E-06,+1.17588645E-03,+618.95060387E-03
-95.70000E-06,+1.17724319E-03,+620.68152602E-03
-95.65000E-06,+1.17870601E-03,+622.30491378E-03
-95.60000E-06,+1.18185793E-03,+623.67360652E-03
-95.55000E-06,+1.18435928E-03,+625.39258124E-03
-95.50000E-06,+1.18918908E-03,+627.13051355E-03
-95.45000E-06,+1.19093647E-03,+628.77340917E-03
-95.40000E-06,+1.19126882E-03,+630.41770682E-03
-95.35000E-06,+1.19427810E-03,+631.83102338E-03
-95.30000E-06,+1.19629395E-03,+633.09504611E-03
-95.25000E-06,+1.19985430E-03,+634.43112275E-03
-95.20000E-06,+1.20332175E-03,+635.62943085E-03
-95.15000E-06,+1.20418935E-03,+636.65332913E-03
-95.10000E-06,+1.20748684E-03,+637.67722741E-03
-95.05000E-06,+1.20917034E-03,+638.54409052E-03
-95.00000E-06,+1.21525082E-03,+639.39687300E-03
-94.95000E-06,+1.21756245E-03,+640.43485191E-03
-94.90000E-06,+1.21813427E-03,+641.18083117E-03
-94.85000E-06,+1.22319693E-03,+641.85450777E-03
-94.80000E-06,+1.22575364E-03,+642.56433571E-03
-94.75000E-06,+1.22680899E-03,+643.22862773E-03
-94.70000E-06,+1.22974877E-03,+643.96357165E-03
-94.65000E-06,+1.23080412E-03,+644.70790767E-03
-94.60000E-06,+1.23311575E-03,+645.36586040E-03
-94.55000E-06,+1.23772024E-03,+646.22333140E-03
-94.50000E-06,+1.24276415E-03,+646.98339129E-03
-94.45000E-06,+1.24528892E-03,+648.00564633E-03
-94.40000E-06,+1.24550300E-03,+648.97461659E-03
-94.35000E-06,+1.24843620E-03,+649.89664139E-03
-94.30000E-06,+1.25075441E-03,+651.14634981E-03
-94.25000E-06,+1.25263226E-03,+652.51107766E-03
-94.20000E-06,+1.25378808E-03,+653.74224308E-03
-94.15000E-06,+1.25682831E-03,+655.28747884E-03
-94.10000E-06,+1.26049669E-03,+656.83271460E-03
-94.05000E-06,+1.26479322E-03,+658.37795036E-03
-94.00000E-06,+1.26657717E-03,+660.01168754E-03
-93.95000E-06,+1.27007656E-03,+661.61349456E-03
-93.90000E-06,+1.27256844E-03,+663.19299720E-03
-93.85000E-06,+1.27407169E-03,+664.81710860E-03
-93.80000E-06,+1.28140845E-03,+666.37947780E-03
-93.75000E-06,+1.28240651E-03,+667.97775712E-03
-93.70000E-06,+1.28419047E-03,+669.77956483E-03
-93.65000E-06,+1.28660257E-03,+671.29615692E-03
-93.60000E-06,+1.28978274E-03,+672.73013462E-03
-93.55000E-06,+1.29239948E-03,+674.04298727E-03
-93.50000E-06,+1.29608951E-03,+675.31006280E-03
-93.45000E-06,+1.29985452E-03,+676.49099626E-03
-93.40000E-06,+1.29930902E-03,+677.52825908E-03
-93.35000E-06,+1.30397930E-03,+678.50004094E-03
-93.30000E-06,+1.30684671E-03,+679.51502954E-03
-93.25000E-06,+1.30965792E-03,+680.43212460E-03
-93.20000E-06,+1.31564068E-03,+681.29710326E-03
-93.15000E-06,+1.31878139E-03,+682.08227913E-03
-93.10000E-06,+1.32067335E-03,+682.55903801E-03
-93.05000E-06,+1.32192209E-03,+683.47236417E-03
-93.00000E-06,+1.32192209E-03,+684.23242406E-03
-92.95000E-06,+1.32510323E-03,+684.90891226E-03
-92.90000E-06,+1.32820350E-03,+685.69408813E-03
-92.85000E-06,+1.33111614E-03,+686.63629918E-03
-92.80000E-06,+1.33583987E-03,+687.42969880E-03
-92.75000E-06,+1.34000303E-03,+688.47004458E-03
-92.70000E-06,+1.34214663E-03,+689.37891590E-03
-92.65000E-06,+1.34677922E-03,+690.51784114E-03
-92.60000E-06,+1.34845340E-03,+691.76356960E-03
-92.55000E-06,+1.35066457E-03,+692.91938708E-03
-92.50000E-06,+1.35401552E-03,+694.36014881E-03
-92.45000E-06,+1.35584169E-03,+696.01619790E-03
-92.40000E-06,+1.35758343E-03,+697.52175464E-03
-92.35000E-06,+1.35811111E-03,+699.05222383E-03
-92.30000E-06,+1.36115135E-03,+700.65403085E-03
-92.25000E-06,+1.36437566E-03,+702.32083640E-03
-92.20000E-06,+1.36794358E-03,+703.97287537E-03
-92.15000E-06,+1.37028892E-03,+705.47630645E-03
-92.10000E-06,+1.37229066E-03,+707.33561256E-03
-92.05000E-06,+1.37509627E-03,+708.98343790E-03
-92.00000E-06,+1.37876465E-03,+710.42608408E-03
-91.95000E-06,+1.38033917E-03,+712.07599740E-03
-91.90000E-06,+1.38233256E-03,+713.48931397E-03
-91.85000E-06,+1.38788536E-03,+714.59706283E-03
-91.80000E-06,+1.38904118E-03,+715.84484158E-03
-91.75000E-06,+1.39415827E-03,+717.05301668E-03
-91.70000E-06,+1.39637794E-03,+718.11655629E-03
-91.65000E-06,+1.39965297E-03,+719.29961541E-03
-91.60000E-06,+1.40358038E-03,+720.11837222E-03
-91.55000E-06,+1.40546480E-03,+721.02700233E-03
-91.50000E-06,+1.40602634E-03,+721.91926031E-03
-91.45000E-06,+1.40919351E-03,+722.51382007E-03
-91.40000E-06,+1.41210682E-03,+723.24876398E-03
-91.35000E-06,+1.41640334E-03,+724.04874411E-03
-91.30000E-06,+1.41881544E-03,+724.75857204E-03
-91.25000E-06,+1.42048096E-03,+725.59582664E-03
-91.20000E-06,+1.42183771E-03,+726.50260998E-03
-91.15000E-06,+1.42514017E-03,+727.39458907E-03
-91.10000E-06,+1.42532313E-03,+728.47955114E-03
-91.05000E-06,+1.42773523E-03,+729.47833344E-03
-91.00000E-06,+1.43140361E-03,+730.54163185E-03
-90.95000E-06,+1.43390028E-03,+731.92586001E-03
-90.90000E-06,+1.43748409E-03,+733.11871074E-03
-90.85000E-06,+1.44064068E-03,+734.81700925E-03
-90.80000E-06,+1.44315324E-03,+736.41087142E-03
-90.75000E-06,+1.44378138E-03,+738.06451595E-03
-90.70000E-06,+1.44378138E-03,+739.81862440E-03
-90.65000E-06,+1.44714195E-03,+741.62609300E-03
-90.60000E-06,+1.45259429E-03,+743.02612795E-03
-90.55000E-06,+1.45562506E-03,+745.03063487E-03
-90.50000E-06,+1.45866530E-03,+746.84207590E-03
-90.45000E-06,+1.46040497E-03,+748.43517675E-03
-90.40000E-06,+1.46262561E-03,+750.29448286E-03
-90.35000E-06,+1.46325375E-03,+751.83971862E-03
-90.30000E-06,+1.46642927E-03,+753.53328339E-03
-90.25000E-06,+1.46632881E-03,+754.86455090E-03
-90.20000E-06,+1.46874091E-03,+756.07830398E-03
-90.15000E-06,+1.47214272E-03,+757.25923743E-03
-90.10000E-06,+1.47571064E-03,+758.25665539E-03
-90.05000E-06,+1.47739413E-03,+759.26687255E-03
-90.00000E-06,+1.48027373E-03,+760.14380617E-03
-89.95000E-06,+1.48268583E-03,+761.05083072E-03
-89.90000E-06,+1.48272611E-03,+761.78577463E-03
-89.85000E-06,+1.48311304E-03,+762.46041608E-03
-89.80000E-06,+1.48643974E-03,+763.01320883E-03
-89.75000E-06,+1.48793724E-03,+763.63003528E-03
-89.70000E-06,+1.49106301E-03,+764.39009517E-03
-89.65000E-06,+1.49341942E-03,+764.83981593E-03
-89.60000E-06,+1.49403264E-03,+765.49680382E-03
-89.55000E-06,+1.49736978E-03,+766.35620450E-03
-89.50000E-06,+1.49905777E-03,+767.11626439E-03
-89.45000E-06,+1.50157033E-03,+767.98051941E-03
-89.40000E-06,+1.50471103E-03,+768.92273046E-03
-89.35000E-06,+1.50473190E-03,+769.71833866E-03
-89.30000E-06,+1.50659545E-03,+770.96418772E-03
-89.25000E-06,+1.50785174E-03,+772.22046912E-03
-89.20000E-06,+1.51065526E-03,+773.24697548E-03
-89.15000E-06,+1.51350500E-03,+774.69435541E-03
-89.10000E-06,+1.51754635E-03,+776.21447519E-03
-89.05000E-06,+1.52226318E-03,+777.88268277E-03
-89.00000E-06,+1.52411872E-03,+779.52027930E-03
-88.95000E-06,+1.52590268E-03,+781.00633573E-03
-88.90000E-06,+1.52930546E-03,+782.72389334E-03
-88.85000E-06,+1.53135502E-03,+784.39121899E-03
-88.80000E-06,+1.53392873E-03,+786.04413990E-03
-88.75000E-06,+1.53674621E-03,+787.64048954E-03
-88.70000E-06,+1.53670689E-03,+789.45502107E-03
-88.65000E-06,+1.53995593E-03,+790.95985417E-03
-88.60000E-06,+1.54428390E-03,+792.49177063E-03
-88.55000E-06,+1.54577433E-03,+793.77950730E-03
-88.50000E-06,+1.54968296E-03,+795.08405328E-03
-88.45000E-06,+1.55387901E-03,+796.17631949E-03
-88.40000E-06,+1.55560439E-03,+797.34958699E-03
-88.35000E-06,+1.55924485E-03,+798.44534321E-03
-88.30000E-06,+1.56124369E-03,+799.49086746E-03
-88.25000E-06,+1.56438440E-03,+800.32976530E-03
-88.20000E-06,+1.56731278E-03,+801.21889509E-03
-88.15000E-06,+1.56963325E-03,+802.05715221E-03
-88.10000E-06,+1.57068860E-03,+802.53680561E-03
-88.05000E-06,+1.57380651E-03,+803.15639843E-03
-88.00000E-06,+1.57594001E-03,+803.94157430E-03
-87.95000E-06,+1.57825164E-03,+804.72675018E-03
-87.90000E-06,+1.58173466E-03,+805.35489087E-03
-87.85000E-06,+1.58273770E-03,+806.14006674E-03
-87.80000E-06,+1.58522330E-03,+807.08227779E-03
-87.75000E-06,+1.59001075E-03,+807.81967149E-03
-87.70000E-06,+1.59155862E-03,+808.72757796E-03
-87.65000E-06,+1.59274960E-03,+809.80130870E-03
-87.60000E-06,+1.59390701E-03,+810.80009100E-03
-87.55000E-06,+1.59423216E-03,+811.91526461E-03
-87.50000E-06,+1.59717194E-03,+813.22217747E-03
-87.45000E-06,+1.60073985E-03,+814.74823704E-03
-87.40000E-06,+1.60319030E-03,+816.08620567E-03
-87.35000E-06,+1.60434612E-03,+817.77563972E-03
-87.30000E-06,+1.60521354E-03,+819.30534760E-03
-87.25000E-06,+1.60640548E-03,+820.88528743E-03
-87.20000E-06,+1.61041361E-03,+822.58106078E-03
-87.15000E-06,+1.61459667E-03,+824.04532540E-03
-87.10000E-06,+1.61663354E-03,+825.89813392E-03
-87.05000E-06,+1.61799028E-03,+827.70395927E-03
-87.00000E-06,+1.61903264E-03,+829.30267579E-03
-86.95000E-06,+1.62133191E-03,+830.95162427E-03
-86.90000E-06,+1.62028892E-03,+832.55018249E-03
-86.85000E-06,+1.62095415E-03,+833.63667474E-03
-86.80000E-06,+1.62522594E-03,+835.19157397E-03
-86.75000E-06,+1.62826618E-03,+836.40071391E-03
-86.70000E-06,+1.63130642E-03,+837.70413676E-03
-86.65000E-06,+1.63536430E-03,+838.70600956E-03
-86.60000E-06,+1.63522611E-03,+839.74559402E-03
-86.55000E-06,+1.63791458E-03,+840.68780507E-03
-86.50000E-06,+1.63963579E-03,+841.58295757E-03
-86.45000E-06,+1.64101756E-03,+842.17655249E-03
-86.40000E-06,+1.64326645E-03,+842.91149640E-03
-86.35000E-06,+1.64594256E-03,+843.55540619E-03
-86.30000E-06,+1.64888233E-03,+844.22434905E-03
-86.25000E-06,+1.65050275E-03,+844.94352387E-03
-86.20000E-06,+1.65291485E-03,+845.85127205E-03
-86.15000E-06,+1.65344253E-03,+846.58621596E-03
-86.10000E-06,+1.65546480E-03,+847.35903736E-03
-86.05000E-06,+1.65329102E-03,+848.12844414E-03
-86.00000E-06,+1.65559225E-03,+849.15234242E-03
-85.95000E-06,+1.65995022E-03,+850.19834909E-03
-85.90000E-06,+1.66236232E-03,+851.21216932E-03
-85.85000E-06,+1.66403378E-03,+852.75138991E-03
-85.80000E-06,+1.66614319E-03,+854.08635096E-03
-85.75000E-06,+1.66739947E-03,+855.68482627E-03
-85.70000E-06,+1.67012629E-03,+857.23006203E-03
-85.65000E-06,+1.67253839E-03,+858.93233296E-03
-85.60000E-06,+1.67433567E-03,+860.33386040E-03
-85.55000E-06,+1.67861887E-03,+862.17983966E-03
-85.50000E-06,+1.68014989E-03,+863.99224553E-03
-85.45000E-06,+1.68184671E-03,+865.74141671E-03
-85.40000E-06,+1.68435927E-03,+867.56349358E-03
-85.35000E-06,+1.68561555E-03,+869.30299376E-03
-85.30000E-06,+1.68746129E-03,+871.14295785E-03
-85.25000E-06,+1.68806634E-03,+872.50416555E-03
-85.20000E-06,+1.68905991E-03,+873.97405337E-03
-85.15000E-06,+1.69199968E-03,+875.37826426E-03
-85.10000E-06,+1.69252510E-03,+876.59975867E-03
-85.05000E-06,+1.69394589E-03,+877.71444986E-03
-85.00000E-06,+1.69698613E-03,+878.86336270E-03
-84.95000E-06,+1.69755023E-03,+879.92838727E-03
-84.90000E-06,+1.69916087E-03,+880.94317988E-03
-84.85000E-06,+1.70233800E-03,+881.90774053E-03
-84.80000E-06,+1.70315600E-03,+882.67690609E-03
-84.75000E-06,+1.70691378E-03,+883.49630361E-03
-84.70000E-06,+1.70903556E-03,+884.25359713E-03
-84.65000E-06,+1.71262560E-03,+884.97449057E-03
-84.60000E-06,+1.71565478E-03,+885.75690006E-03
-84.55000E-06,+1.71869502E-03,+886.69911111E-03
-84.50000E-06,+1.72110712E-03,+887.48428698E-03
-84.45000E-06,+1.72246063E-03,+888.48030290E-03
-84.40000E-06,+1.72330399E-03,+889.52574424E-03
-84.35000E-06,+1.72583085E-03,+890.47867405E-03
-84.30000E-06,+1.72590273E-03,+891.68115056E-03
-84.25000E-06,+1.72858399E-03,+892.82348290E-03
-84.20000E-06,+1.73238506E-03,+894.16502445E-03
-84.15000E-06,+1.73311367E-03,+895.71026021E-03
-84.10000E-06,+1.73335425E-03,+897.22046778E-03
-84.05000E-06,+1.73649495E-03,+898.94785469E-03
-84.00000E-06,+1.73523867E-03,+900.31555998E-03
-83.95000E-06,+1.73726739E-03,+901.96759896E-03
-83.90000E-06,+1.73974031E-03,+903.64580167E-03
-83.85000E-06,+1.74268008E-03,+905.15705699E-03
-83.80000E-06,+1.74419811E-03,+906.76668072E-03
-83.75000E-06,+1.74654520E-03,+908.40246818E-03
-83.70000E-06,+1.74773057E-03,+910.07075867E-03
-83.65000E-06,+1.74905776E-03,+911.68881721E-03
-83.60000E-06,+1.75157033E-03,+913.19754736E-03
-83.55000E-06,+1.75437418E-03,+914.38734528E-03
-83.50000E-06,+1.75572082E-03,+915.73670354E-03
-83.45000E-06,+1.75982652E-03,+916.78319263E-03
-83.40000E-06,+1.76162058E-03,+917.94911077E-03
-83.35000E-06,+1.76350500E-03,+919.04835699E-03
-83.30000E-06,+1.76580653E-03,+920.09484609E-03
-83.25000E-06,+1.76915827E-03,+921.01065219E-03
-83.20000E-06,+1.77063073E-03,+921.87499013E-03
-83.15000E-06,+1.77343953E-03,+922.68909611E-03
-83.10000E-06,+1.77292711E-03,+923.29974909E-03
-83.05000E-06,+1.77418339E-03,+924.07348257E-03
-83.00000E-06,+1.77606781E-03,+925.01569361E-03
-82.95000E-06,+1.77509767E-03,+925.71536811E-03
-82.90000E-06,+1.77606781E-03,+926.42901018E-03
-82.85000E-06,+1.77872145E-03,+927.37122122E-03
-82.80000E-06,+1.78109294E-03,+928.31343227E-03
-82.75000E-06,+1.78348580E-03,+929.06868304E-03
-82.70000E-06,+1.78642558E-03,+930.11769730E-03
-82.65000E-06,+1.78899799E-03,+931.19335771E-03
-82.60000E-06,+1.79167699E-03,+932.34917519E-03
-82.55000E-06,+1.79319405E-03,+933.57881043E-03
-82.50000E-06,+1.79560615E-03,+934.94189504E-03
-82.45000E-06,+1.79742460E-03,+936.45339157E-03
-82.40000E-06,+1.79679646E-03,+938.07169131E-03
-82.35000E-06,+1.79821004E-03,+939.63975910E-03
-82.30000E-06,+1.80052167E-03,+941.16850213E-03
-82.25000E-06,+1.80326965E-03,+942.79542513E-03
-82.20000E-06,+1.80559043E-03,+944.28814498E-03
-82.15000E-06,+1.80809385E-03,+945.90137178E-03
-82.10000E-06,+1.81176223E-03,+947.75839393E-03
-82.05000E-06,+1.81187183E-03,+949.40814896E-03
-82.00000E-06,+1.81218945E-03,+951.00590063E-03
-81.95000E-06,+1.81312811E-03,+952.55113640E-03
-81.90000E-06,+1.81564068E-03,+953.93933698E-03
-81.85000E-06,+1.81502876E-03,+955.18266842E-03
-81.80000E-06,+1.81681272E-03,+956.55870299E-03
-81.75000E-06,+1.81940952E-03,+957.67900984E-03
-81.70000E-06,+1.81940952E-03,+958.93529124E-03
-81.65000E-06,+1.82192208E-03,+959.87750228E-03
-81.60000E-06,+1.82332041E-03,+960.94123788E-03
-81.55000E-06,+1.82569093E-03,+961.76192437E-03
-81.50000E-06,+1.82631907E-03,+962.51765756E-03
-81.45000E-06,+1.82506279E-03,+963.13540362E-03
-81.40000E-06,+1.82768386E-03,+963.92259209E-03
-81.35000E-06,+1.82972764E-03,+964.47538484E-03
-81.30000E-06,+1.83151159E-03,+965.25854812E-03
-81.25000E-06,+1.83399063E-03,+965.86157284E-03
-81.20000E-06,+1.83633579E-03,+966.77028586E-03
-81.15000E-06,+1.83623533E-03,+967.47173175E-03
-81.10000E-06,+1.84029739E-03,+968.27998085E-03
-81.05000E-06,+1.84227411E-03,+969.04842279E-03
-81.00000E-06,+1.84535605E-03,+970.02413186E-03
-80.95000E-06,+1.84651186E-03,+971.09621935E-03
-80.90000E-06,+1.84830399E-03,+972.12624587E-03
-80.85000E-06,+1.85059929E-03,+973.35536854E-03
-80.80000E-06,+1.85144470E-03,+974.58653395E-03
-80.75000E-06,+1.85208185E-03,+976.13176971E-03
-80.70000E-06,+1.85562357E-03,+977.67700548E-03
-80.65000E-06,+1.85721561E-03,+979.25165377E-03
-80.60000E-06,+1.85837143E-03,+980.78036666E-03
-80.55000E-06,+1.86015539E-03,+982.33353219E-03
-80.50000E-06,+1.86068307E-03,+984.06091911E-03
-80.45000E-06,+1.86246702E-03,+985.87428981E-03
-80.40000E-06,+1.86425098E-03,+987.32335821E-03
-80.35000E-06,+1.86603494E-03,+988.96476134E-03
-80.30000E-06,+1.86966078E-03,+990.66703227E-03
-80.25000E-06,+1.86903264E-03,+992.18330777E-03
-80.20000E-06,+1.86903264E-03,+993.67831158E-03
-80.15000E-06,+1.87102750E-03,+995.04389120E-03
-80.10000E-06,+1.87396728E-03,+996.42145594E-03
-80.05000E-06,+1.87707542E-03,+997.65012634E-03
-80.00000E-06,+1.87971103E-03,+998.71611575E-03
-79.95000E-06,+1.88159545E-03,+999.90519004E-03
-79.90000E-06,+1.88195754E-03,+1.00092094748E+00
-79.85000E-06,+1.88238475E-03,+1.00178781059E+00
-79.80000E-06,+1.88410801E-03,+1.00258112729E+00
-79.75000E-06,+1.88599243E-03,+1.00331607121E+00
-79.70000E-06,+1.88931965E-03,+1.00405101512E+00
-79.65000E-06,+1.89038942E-03,+1.00478956210E+00
-79.60000E-06,+1.89331478E-03,+1.00557473797E+00
-79.55000E-06,+1.89667083E-03,+1.00620287867E+00
-79.50000E-06,+1.89919433E-03,+1.00706520402E+00
-79.45000E-06,+1.89937337E-03,+1.00793026559E+00
-79.40000E-06,+1.89930200E-03,+1.00874509520E+00
-79.35000E-06,+1.90108596E-03,+1.00967126579E+00
-79.30000E-06,+1.90224178E-03,+1.01059986355E+00
-79.25000E-06,+1.90376315E-03,+1.01181045074E+00
-79.20000E-06,+1.90295223E-03,+1.01319865133E+00
-79.15000E-06,+1.90483666E-03,+1.01458685192E+00
-79.10000E-06,+1.90734922E-03,+1.01597505251E+00
-79.05000E-06,+1.90864901E-03,+1.01752028827E+00
-79.00000E-06,+1.91163229E-03,+1.01903704619E+00
-78.95000E-06,+1.91221692E-03,+1.02080676544E+00
-78.90000E-06,+1.91400088E-03,+1.02246178186E+00
-78.85000E-06,+1.91605463E-03,+1.02412805975E+00
-78.80000E-06,+1.91773813E-03,+1.02591694012E+00
-78.75000E-06,+1.91984317E-03,+1.02745427625E+00
-78.70000E-06,+1.92173326E-03,+1.02927125003E+00
-78.65000E-06,+1.92354881E-03,+1.03116342853E+00
-78.60000E-06,+1.92572839E-03,+1.03260820037E+00
-78.55000E-06,+1.92774487E-03,+1.03406243217E+00
-78.50000E-06,+1.93015697E-03,+1.03540040079E+00
-78.45000E-06,+1.93077887E-03,+1.03662844556E+00
-78.40000E-06,+1.93059042E-03,+1.03792398386E+00
-78.35000E-06,+1.93195341E-03,+1.03915358895E+00
-78.30000E-06,+1.93289582E-03,+1.04027951147E+00
-78.25000E-06,+1.93373113E-03,+1.04129863078E+00
-78.20000E-06,+1.93583559E-03,+1.04221894449E+00
-78.15000E-06,+1.93950397E-03,+1.04310614461E+00
-78.10000E-06,+1.94128793E-03,+1.04390087842E+00
-78.05000E-06,+1.94370003E-03,+1.04451946117E+00
-78.00000E-06,+1.94440952E-03,+1.04546167222E+00
-77.95000E-06,+1.94566580E-03,+1.04624684809E+00
-77.90000E-06,+1.94716748E-03,+1.04703202396E+00
-77.85000E-06,+1.95006279E-03,+1.04797423501E+00
-77.80000E-06,+1.95253088E-03,+1.04891644605E+00
-77.75000E-06,+1.95371965E-03,+1.04983066168E+00
-77.70000E-06,+1.95430332E-03,+1.05084056224E+00
-77.65000E-06,+1.95457407E-03,+1.05205007153E+00
-77.60000E-06,+1.95724309E-03,+1.05327011868E+00
-77.55000E-06,+1.95760047E-03,+1.05454039778E+00
-77.50000E-06,+1.95892659E-03,+1.05587836641E+00
-77.45000E-06,+1.96008240E-03,+1.05768744057E+00
-77.40000E-06,+1.96249450E-03,+1.05943096593E+00
-77.35000E-06,+1.96136932E-03,+1.06103277295E+00
-77.30000E-06,+1.96417800E-03,+1.06271758632E+00
-77.25000E-06,+1.96344939E-03,+1.06445263165E+00
-77.20000E-06,+1.96784110E-03,+1.06615226435E+00
-77.15000E-06,+1.97078615E-03,+1.06775934784E+00
-77.10000E-06,+1.97257011E-03,+1.06959221885E+00
-77.05000E-06,+1.97581655E-03,+1.07132092489E+00
-77.00000E-06,+1.97613803E-03,+1.07294282770E+00
-76.95000E-06,+1.97770098E-03,+1.07441139641E+00
-76.90000E-06,+1.97970594E-03,+1.07595663217E+00
-76.85000E-06,+1.98211804E-03,+1.07719783795E+00
-76.80000E-06,+1.98327386E-03,+1.07828202363E+00
-76.75000E-06,+1.98398238E-03,+1.07953830502E+00
-76.70000E-06,+1.98586681E-03,+1.08063755124E+00
-76.65000E-06,+1.98674131E-03,+1.08148431855E+00
-76.60000E-06,+1.98900751E-03,+1.08248549787E+00
-76.55000E-06,+1.99030923E-03,+1.08330714920E+00
-76.50000E-06,+1.99334947E-03,+1.08390777690E+00
-76.45000E-06,+1.99528892E-03,+1.08464272081E+00
-76.40000E-06,+1.99666143E-03,+1.08522062955E+00
-76.35000E-06,+1.99905776E-03,+1.08595557346E+00
-76.30000E-06,+1.99860088E-03,+1.08664770261E+00
-76.25000E-06,+2.00045563E-03,+1.08725072733E+00
-76.20000E-06,+2.00465169E-03,+1.08801078722E+00
-76.15000E-06,+2.00834974E-03,+1.08901985110E+00
-76.10000E-06,+2.01013370E-03,+1.08982906504E+00
-76.05000E-06,+2.00940509E-03,+1.09067930728E+00
-76.00000E-06,+2.01138567E-03,+1.09177747559E+00
-75.95000E-06,+2.01181288E-03,+1.09284945002E+00
-75.90000E-06,+2.01476128E-03,+1.09414257622E+00
-75.85000E-06,+2.01716906E-03,+1.09566054019E+00
-75.80000E-06,+2.01873536E-03,+1.09723196984E+00
-75.75000E-06,+2.01946397E-03,+1.09893424078E+00
-75.70000E-06,+2.02104268E-03,+1.10053496989E+00
-75.65000E-06,+2.02292711E-03,+1.10230840528E+00
-75.60000E-06,+2.02608886E-03,+1.10389454119E+00
-75.55000E-06,+2.02787281E-03,+1.10544910876E+00
-75.50000E-06,+2.02965677E-03,+1.10728856029E+00
-75.45000E-06,+2.03172108E-03,+1.10900769330E+00
-75.40000E-06,+2.03360550E-03,+1.11069310216E+00
-75.35000E-06,+2.03249608E-03,+1.11235865643E+00
-75.30000E-06,+2.03611806E-03,+1.11394060886E+00
-75.25000E-06,+2.03606400E-03,+1.11530177886E+00
-75.20000E-06,+2.03659168E-03,+1.11663974749E+00
-75.15000E-06,+2.03849380E-03,+1.11791396887E+00
-75.10000E-06,+2.04043228E-03,+1.11900161440E+00
-75.05000E-06,+2.04131541E-03,+1.12002551268E+00
-75.00000E-06,+2.04239947E-03,+1.12103147098E+00
-74.95000E-06,+2.04237076E-03,+1.12193062606E+00
-74.90000E-06,+2.04339741E-03,+1.12281542915E+00
-74.85000E-06,+2.04616831E-03,+1.12355037306E+00
-74.80000E-06,+2.04709450E-03,+1.12421080573E+00
-74.75000E-06,+2.04887846E-03,+1.12486322571E+00
-74.70000E-06,+2.05129056E-03,+1.12546541373E+00
-74.65000E-06,+2.05181823E-03,+1.12617775176E+00
-74.60000E-06,+2.05182158E-03,+1.12680589245E+00
-74.55000E-06,+2.05244972E-03,+1.12743403315E+00
-74.50000E-06,+2.05686537E-03,+1.12830005956E+00
-74.45000E-06,+2.05850819E-03,+1.12916142007E+00
-74.40000E-06,+2.05998741E-03,+1.13010363111E+00
-74.35000E-06,+2.06252198E-03,+1.13090531479E+00
-74.30000E-06,+2.06132214E-03,+1.13198805320E+00
-74.25000E-06,+2.06124369E-03,+1.13324433460E+00
-74.20000E-06,+2.06375625E-03,+1.13451796049E+00
-74.15000E-06,+2.06325966E-03,+1.13597600641E+00
-74.10000E-06,+2.06264780E-03,+1.13760436160E+00
-74.05000E-06,+2.06443176E-03,+1.13907831984E+00
-74.00000E-06,+2.06564067E-03,+1.14058516554E+00
-73.95000E-06,+2.06799968E-03,+1.14235584963E+00
-73.90000E-06,+2.07003766E-03,+1.14407630176E+00
-73.85000E-06,+2.07156759E-03,+1.14576673080E+00
-73.80000E-06,+2.07335155E-03,+1.14766442697E+00
-73.75000E-06,+2.07450737E-03,+1.14915943078E+00
-73.70000E-06,+2.07566319E-03,+1.15112554010E+00
-73.65000E-06,+2.07681900E-03,+1.15271347755E+00
-73.60000E-06,+2.07837429E-03,+1.15425811783E+00
-73.55000E-06,+2.08101506E-03,+1.15561055151E+00
-73.50000E-06,+2.08279902E-03,+1.15699815661E+00
-73.45000E-06,+2.08415100E-03,+1.15815397409E+00
-73.40000E-06,+2.08636694E-03,+1.15931217351E+00
-73.35000E-06,+2.08574118E-03,+1.16054274344E+00
-73.30000E-06,+2.08742229E-03,+1.16151066595E+00
-73.25000E-06,+2.08981379E-03,+1.16245287700E+00
-73.20000E-06,+2.09013816E-03,+1.16323805287E+00
-73.15000E-06,+2.09139444E-03,+1.16414940412E+00
-73.10000E-06,+2.09330184E-03,+1.16466285706E+00
-73.05000E-06,+2.09335635E-03,+1.16527951013E+00
-73.00000E-06,+2.09310091E-03,+1.16606468600E+00
-72.95000E-06,+2.09453515E-03,+1.16669282670E+00
-72.90000E-06,+2.09604069E-03,+1.16738328246E+00
-72.85000E-06,+2.09956027E-03,+1.16822597936E+00
-72.80000E-06,+2.10202450E-03,+1.16904835431E+00
-72.75000E-06,+2.10202070E-03,+1.16980746444E+00
-72.70000E-06,+2.10222543E-03,+1.17081832985E+00
-72.65000E-06,+2.10207283E-03,+1.17177896330E+00
-72.60000E-06,+2.10395726E-03,+1.17286612641E+00
-72.55000E-06,+2.10584168E-03,+1.17404705987E+00
-72.50000E-06,+2.10717165E-03,+1.17522799332E+00
-72.45000E-06,+2.11018511E-03,+1.17688003230E+00
-72.40000E-06,+2.11312489E-03,+1.17846845217E+00
-72.35000E-06,+2.11566423E-03,+1.17991322402E+00
-72.30000E-06,+2.11870447E-03,+1.18152207889E+00
-72.25000E-06,+2.12028891E-03,+1.18311683805E+00
-72.20000E-06,+2.12048701E-03,+1.18485091854E+00
-72.15000E-06,+2.12091564E-03,+1.18647890437E+00
-72.10000E-06,+2.12217334E-03,+1.18818117531E+00
-72.05000E-06,+2.12531404E-03,+1.18993403248E+00
-72.00000E-06,+2.12657032E-03,+1.19158571718E+00
-71.95000E-06,+2.12634545E-03,+1.19313095294E+00
-71.90000E-06,+2.12531404E-03,+1.19477102188E+00
-71.85000E-06,+2.12531404E-03,+1.19592530918E+00
-71.80000E-06,+2.12483895E-03,+1.19717678145E+00
-71.75000E-06,+2.12594218E-03,+1.19841393189E+00
-71.70000E-06,+2.12649708E-03,+1.19975788554E+00
-71.65000E-06,+2.12845474E-03,+1.20067498060E+00
-71.60000E-06,+2.12938241E-03,+1.20167423025E+00
-71.55000E-06,+2.13038846E-03,+1.20249684642E+00
-71.50000E-06,+2.13458265E-03,+1.20325643896E+00
-71.45000E-06,+2.13835336E-03,+1.20395347524E+00
-71.40000E-06,+2.13976128E-03,+1.20466330317E+00
-71.35000E-06,+2.14038942E-03,+1.20530423553E+00
-71.30000E-06,+2.14147058E-03,+1.20608295903E+00
-71.25000E-06,+2.14242315E-03,+1.20675545974E+00
-71.20000E-06,+2.14599106E-03,+1.20750906726E+00
-71.15000E-06,+2.14667082E-03,+1.20836947801E+00
-71.10000E-06,+2.14958479E-03,+1.20913599026E+00
-71.05000E-06,+2.15013873E-03,+1.21002796935E+00
-71.00000E-06,+2.15043967E-03,+1.21097006733E+00
-70.95000E-06,+2.15053968E-03,+1.21201896852E+00
-70.90000E-06,+2.15169595E-03,+1.21333216037E+00
-70.85000E-06,+2.15295223E-03,+1.21456332578E+00
-70.80000E-06,+2.15589155E-03,+1.21600187140E+00
-70.75000E-06,+2.15830365E-03,+1.21749676213E+00
-70.70000E-06,+2.16156973E-03,+1.21919903307E+00
-70.65000E-06,+2.16187157E-03,+1.22086996180E+00
-70.60000E-06,+2.16174620E-03,+1.22247144469E+00
-70.55000E-06,+2.16292692E-03,+1.22416770046E+00
-70.50000E-06,+2.16255036E-03,+1.22600811682E+00
-70.45000E-06,+2.16398228E-03,+1.22772917951E+00
-70.40000E-06,+2.16551504E-03,+1.22947545618E+00
-70.35000E-06,+2.16662060E-03,+1.23123428330E+00
-70.30000E-06,+2.16677133E-03,+1.23282976609E+00
-70.25000E-06,+2.16614319E-03,+1.23434988588E+00
-70.20000E-06,+2.16551504E-03,+1.23591404154E+00
-70.15000E-06,+2.16714834E-03,+1.23720177821E+00
-70.10000E-06,+2.16830415E-03,+1.23835124131E+00
-70.05000E-06,+2.17008811E-03,+1.23953217477E+00
-70.00000E-06,+2.17305273E-03,+1.24053716822E+00
-69.95000E-06,+2.17242459E-03,+1.24173700650E+00
-69.90000E-06,+2.17481185E-03,+1.24260386961E+00
-69.85000E-06,+2.17722395E-03,+1.24331369754E+00
-69.80000E-06,+2.17649534E-03,+1.24410508457E+00
-69.75000E-06,+2.17805404E-03,+1.24473335341E+00
-69.70000E-06,+2.17933414E-03,+1.24541793722E+00
-69.65000E-06,+2.18059145E-03,+1.24615288113E+00
-69.60000E-06,+2.18363117E-03,+1.24693780072E+00
-69.55000E-06,+2.18455968E-03,+1.24761604523E+00
-69.50000E-06,+2.18719909E-03,+1.24843293266E+00
-69.45000E-06,+2.18852945E-03,+1.24935002773E+00
-69.40000E-06,+2.18938439E-03,+1.25023553937E+00
-69.35000E-06,+2.19069241E-03,+1.25104658501E+00
-69.30000E-06,+2.19315324E-03,+1.25211996146E+00
-69.25000E-06,+2.19297818E-03,+1.25348951351E+00
-69.20000E-06,+2.19378138E-03,+1.25480883360E+00
-69.15000E-06,+2.19541364E-03,+1.25620287599E+00
-69.10000E-06,+2.19566580E-03,+1.25777322774E+00
-69.05000E-06,+2.19624271E-03,+1.25936919295E+00
-69.00000E-06,+2.19629394E-03,+1.26087700349E+00
-68.95000E-06,+2.19740052E-03,+1.26261122720E+00
-68.90000E-06,+2.19755022E-03,+1.26430752819E+00
-68.85000E-06,+2.19782773E-03,+1.26599015560E+00
-68.80000E-06,+2.19835541E-03,+1.26768645659E+00
-68.75000E-06,+2.19888309E-03,+1.26931337959E+00
-68.70000E-06,+2.20066704E-03,+1.27141140811E+00
-68.65000E-06,+2.20119472E-03,+1.27300724519E+00
-68.60000E-06,+2.20006278E-03,+1.27450821893E+00
-68.55000E-06,+2.20222767E-03,+1.27589678887E+00
-68.50000E-06,+2.20277775E-03,+1.27729095941E+00
-68.45000E-06,+2.20277923E-03,+1.27844677688E+00
-68.40000E-06,+2.20697381E-03,+1.27960259436E+00
-68.35000E-06,+2.20769946E-03,+1.28070036317E+00
-68.30000E-06,+2.21054172E-03,+1.28169243682E+00
-68.25000E-06,+2.21262560E-03,+1.28258478526E+00
-68.20000E-06,+2.21348150E-03,+1.28336996113E+00
-68.15000E-06,+2.21338104E-03,+1.28412331237E+00
-68.10000E-06,+2.21451002E-03,+1.28463965982E+00
-68.05000E-06,+2.21388188E-03,+1.28511575537E+00
