x-axis,1,2
second,Volt,Volt
-5.000000E-03,+238.128E-06,-2.757946031E+00
-4.995000E-03,+407.399E-06,-3.020923410E+00
-4.990000E-03,+403.781E-06,-2.995935971E+00
-4.985000E-03,+283.932E-06,-2.971513853E+00
-4.980000E-03,+240.465E-06,-2.937393247E+00
-4.975000E-03,+411.495E-06,-2.916049032E+00
-4.970000E-03,+303.455E-06,-2.893574137E+00
-4.965000E-03,+259.284E-06,-2.856639461E+00
-4.960000E-03,+209.510E-06,-2.832531433E+00
-4.955000E-03,+232.525E-06,-2.804943464E+00
-4.950000E-03,+353.078E-06,-2.768812815E+00
-4.945000E-03,+145.590E-06,-2.742317840E+00
-4.940000E-03,+421.017E-06,-2.708800231E+00
-4.935000E-03,+134.359E-06,-2.679277642E+00
-4.930000E-03,+487.173E-06,-2.653272590E+00
-4.925000E-03,+330.717E-06,-2.615232381E+00
-4.920000E-03,+83.127E-06,-2.586739932E+00
-4.915000E-03,+260.591E-06,-2.553900705E+00
-4.910000E-03,+281.218E-06,-2.521639431E+00
-4.905000E-03,+230.063E-06,-2.495383128E+00
-4.900000E-03,+128.956E-06,-2.457443402E+00
-4.895000E-03,+107.276E-06,-2.431463549E+00
-4.890000E-03,+9.811E-06,-2.402920782E+00
-4.885000E-03,+152.854E-06,-2.367242407E+00
-4.880000E-03,+87.902E-06,-2.339817770E+00
-4.875000E-03,+42.776E-06,-2.302543891E+00
-4.870000E-03,+10.214E-06,-2.273347951E+00
-4.865000E-03,+7.275E-06,-2.244742373E+00
-4.860000E-03,+297.224E-06,-2.209742390E+00
-4.855000E-03,+274.410E-06,-2.187644423E+00
-4.850000E-03,+248.806E-06,-2.155747360E+00
-4.845000E-03,+286.468E-06,-2.121714768E+00
-4.840000E-03,+109.560E-06,-2.099189627E+00
-4.835000E-03,+200.063E-06,-2.064465935E+00
-4.830000E-03,+135.087E-06,-2.036363013E+00
-4.825000E-03,+49.431E-06,-2.012845361E+00
-4.820000E-03,-48.833E-06,-1.975295084E+00
-4.815000E-03,-189.435E-06,-1.944214713E+00
-4.810000E-03,-117.953E-06,-1.909503594E+00
-4.805000E-03,-68.555E-06,-1.876438337E+00
-4.800000E-03,-182.100E-06,-1.848649350E+00
-4.795000E-03,-199.937E-06,-1.812769956E+00
-4.790000E-03,-363.457E-06,-1.792556513E+00
-4.785000E-03,-207.826E-06,-1.774516169E+00
-4.780000E-03,-33.630E-06,-1.736375410E+00
-4.775000E-03,-292.526E-06,-1.705935801E+00
-4.770000E-03,-358.503E-06,-1.673938221E+00
-4.765000E-03,-301.992E-06,-1.639830275E+00
-4.760000E-03,-260.714E-06,-1.618272482E+00
-4.755000E-03,-147.624E-06,-1.585847760E+00
-4.750000E-03,-180.842E-06,-1.555998644E+00
-4.745000E-03,-50.821E-06,-1.533599084E+00
-4.740000E-03,-31.465E-06,-1.497129130E+00
-4.735000E-03,-153.608E-06,-1.465558875E+00
-4.730000E-03,-28.231E-06,-1.432719581E+00
-4.725000E-03,-153.827E-06,-1.397078999E+00
-4.720000E-03,-286.168E-06,-1.373209595E+00
-4.715000E-03,+14.717E-06,-1.338222098E+00
-4.710000E-03,+52.974E-06,-1.309239804E+00
-4.705000E-03,-64.388E-06,-1.282681898E+00
-4.700000E-03,-127.326E-06,-1.245885445E+00
-4.695000E-03,-199.641E-06,-1.221262395E+00
-4.690000E-03,-377.671E-06,-1.190269797E+00
-4.685000E-03,-134.285E-06,-1.155244739E+00
-4.680000E-03,-72.477E-06,-1.132179482E+00
-4.675000E-03,-293.652E-06,-1.100596426E+00
-4.670000E-03,-183.049E-06,-1.070093997E+00
-4.665000E-03,-114.534E-06,-1.039767257E+00
-4.660000E-03,-371.840E-06,-1.002958298E+00
-4.655000E-03,-191.072E-06,-978.046286E-03
-4.650000E-03,-232.603E-06,-947.267267E-03
-4.645000E-03,-174.536E-06,-916.928189E-03
-4.640000E-03,-181.491E-06,-897.656870E-03
-4.635000E-03,-65.589E-06,-866.023462E-03
-4.630000E-03,-119.437E-06,-828.611524E-03
-4.625000E-03,-34.487E-06,-795.948130E-03
-4.620000E-03,-283.960E-06,-762.606504E-03
-4.615000E-03,-286.094E-06,-738.913092E-03
-4.610000E-03,-384.108E-06,-706.865169E-03
-4.605000E-03,-259.259E-06,-674.767372E-03
-4.600000E-03,-405.463E-06,-650.470778E-03
-4.595000E-03,-461.442E-06,-614.038550E-03
-4.590000E-03,-598.431E-06,-585.295000E-03
-4.585000E-03,-625.636E-06,-558.008388E-03
-4.580000E-03,-535.462E-06,-520.646639E-03
-4.575000E-03,-742.285E-06,-495.131624E-03
-4.570000E-03,-927.849E-06,-461.639008E-03
-4.565000E-03,-896.222E-06,-430.860327E-03
-4.560000E-03,-1.216322E-03,-408.887928E-03
-4.555000E-03,-1.387106E-03,-374.767167E-03
-4.550000E-03,-1.848052E-03,-347.581457E-03
-4.545000E-03,-2.045195E-03,-324.076254E-03
-4.540000E-03,-2.418585E-03,-286.350101E-03
-4.535000E-03,-2.945495E-03,-258.058728E-03
-4.530000E-03,-3.266554E-03,-225.985697E-03
-4.525000E-03,-3.386996E-03,-191.551164E-03
-4.520000E-03,-3.419870E-03,-169.352686E-03
-4.515000E-03,-3.706750E-03,-135.646503E-03
-4.510000E-03,-4.030270E-03,-107.053778E-03
-4.505000E-03,-4.303003E-03,-84.528477E-03
-4.500000E-03,-4.319661E-03,-50.344998E-03
-4.495000E-03,-4.559816E-03,-22.882934E-03
-4.490000E-03,-4.586778E-03,+1.376059E-03
-4.485000E-03,-4.636517E-03,+37.770576E-03
-4.480000E-03,-4.588128E-03,+64.466421E-03
-4.475000E-03,-4.615145E-03,+97.707853E-03
-4.470000E-03,-4.556893E-03,+131.715090E-03
-4.465000E-03,-4.733077E-03,+154.227759E-03
-4.460000E-03,-4.635045E-03,+190.333478E-03
-4.455000E-03,-4.361385E-03,+220.622218E-03
-4.450000E-03,-4.316896E-03,+248.650051E-03
-4.445000E-03,-4.213806E-03,+283.825829E-03
-4.440000E-03,-4.288105E-03,+309.893672E-03
-4.435000E-03,-4.173430E-03,+345.785833E-03
-4.430000E-03,-3.815484E-03,+375.672444E-03
-4.425000E-03,-3.703954E-03,+400.094735E-03
-4.420000E-03,-3.517898E-03,+436.564612E-03
-4.415000E-03,-3.340410E-03,+459.993949E-03
-4.410000E-03,-3.212355E-03,+483.135019E-03
-4.405000E-03,-3.083903E-03,+521.501882E-03
-4.400000E-03,-2.891392E-03,+547.016708E-03
-4.395000E-03,-2.785340E-03,+579.516992E-03
-4.390000E-03,-2.707895E-03,+613.637295E-03
-4.385000E-03,-2.530911E-03,+637.883695E-03
-4.380000E-03,-2.420810E-03,+675.672717E-03
-4.375000E-03,-2.558974E-03,+701.539218E-03
-4.370000E-03,-2.282776E-03,+725.094741E-03
-4.365000E-03,-2.267874E-03,+760.798287E-03
-4.360000E-03,-2.019330E-03,+784.240256E-03
-4.355000E-03,-1.939280E-03,+812.795983E-03
-4.350000E-03,-2.018669E-03,+850.345990E-03
-4.345000E-03,-2.048254E-03,+877.481824E-03
-4.340000E-03,-1.949660E-03,+914.843689E-03
-4.335000E-03,-1.687842E-03,+941.426174E-03
-4.330000E-03,-1.468379E-03,+964.278220E-03
-4.325000E-03,-1.539267E-03,+998.587295E-03
-4.320000E-03,-1.486241E-03,+1.023725203E+00
-4.315000E-03,-1.362724E-03,+1.050622587E+00
-4.310000E-03,-1.120203E-03,+1.089290908E+00
-4.305000E-03,-1.175485E-03,+1.115546926E+00
-4.300000E-03,-1.165258E-03,+1.145886342E+00
-4.295000E-03,-1.098373E-03,+1.176175101E+00
-4.290000E-03,-937.398E-06,+1.203637691E+00
-4.285000E-03,-909.714E-06,+1.243851264E+00
-4.280000E-03,-1.079568E-03,+1.274127401E+00
-4.275000E-03,-885.232E-06,+1.308888964E+00
-4.270000E-03,-751.920E-06,+1.338637347E+00
-4.265000E-03,-458.883E-06,+1.357670042E+00
-4.260000E-03,-550.993E-06,+1.390057351E+00
-4.255000E-03,-755.404E-06,+1.423851097E+00
-4.250000E-03,-353.572E-06,+1.453110040E+00
-4.245000E-03,-246.163E-06,+1.485559619E+00
-4.240000E-03,-341.378E-06,+1.509303224E+00
-4.235000E-03,-526.037E-06,+1.538248247E+00
-4.230000E-03,-456.024E-06,+1.572431461E+00
-4.225000E-03,-385.601E-06,+1.597833535E+00
-4.220000E-03,-148.002E-06,+1.633449297E+00
-4.215000E-03,-149.390E-06,+1.663134899E+00
-4.210000E-03,-296.647E-06,+1.685697839E+00
-4.205000E-03,-398.453E-06,+1.719341212E+00
-4.200000E-03,-52.952E-06,+1.748335945E+00
-4.195000E-03,-16.480E-06,+1.776589997E+00
-4.190000E-03,-220.861E-06,+1.810471725E+00
-4.185000E-03,-281.399E-06,+1.834541955E+00
-4.180000E-03,-179.701E-06,+1.866527294E+00
-4.175000E-03,-158.739E-06,+1.899152610E+00
-4.170000E-03,-66.537E-06,+1.926514615E+00
-4.165000E-03,-177.106E-06,+1.964052308E+00
-4.160000E-03,-167.349E-06,+1.989127236E+00
-4.155000E-03,-52.223E-06,+2.014002067E+00
-4.150000E-03,-49.813E-06,+2.049969409E+00
-4.145000E-03,-125.987E-06,+2.072531832E+00
-4.140000E-03,-115.485E-06,+2.102871595E+00
-4.135000E-03,-79.839E-06,+2.138738068E+00
-4.130000E-03,-11.781E-06,+2.162758173E+00
-4.125000E-03,+209.863E-06,+2.197456905E+00
-4.120000E-03,+75.057E-06,+2.225496704E+00
-4.115000E-03,-60.907E-06,+2.249705591E+00
-4.110000E-03,-62.997E-06,+2.288411729E+00
-4.105000E-03,-34.280E-06,+2.314014301E+00
-4.100000E-03,-110.987E-06,+2.340987117E+00
-4.095000E-03,+147.073E-06,+2.375810964E+00
-4.090000E-03,+118.811E-06,+2.399278234E+00
-4.085000E-03,-49.374E-06,+2.432934476E+00
-4.080000E-03,+160.548E-06,+2.465245542E+00
-4.075000E-03,+164.635E-06,+2.489039766E+00
-4.070000E-03,+84.491E-06,+2.526753374E+00
-4.065000E-03,+130.947E-06,+2.553122401E+00
-4.060000E-03,+134.566E-06,+2.582042474E+00
-4.055000E-03,+249.692E-06,+2.618700515E+00
-4.050000E-03,+324.557E-06,+2.642808413E+00
-4.045000E-03,+195.279E-06,+2.676301285E+00
-4.040000E-03,+230.672E-06,+2.708323496E+00
-4.035000E-03,+286.450E-06,+2.736979725E+00
-4.030000E-03,+368.483E-06,+2.774052445E+00
-4.025000E-03,+231.831E-06,+2.796954009E+00
-4.020000E-03,+77.634E-06,+2.826489755E+00
-4.015000E-03,+174.281E-06,+2.860798426E+00
-4.010000E-03,+317.048E-06,+2.883398970E+00
-4.005000E-03,+298.716E-06,+2.917972222E+00
-4.000000E-03,+155.209E-06,-2.795665424E+00
-3.995000E-03,+12.614E-06,-3.020972580E+00
-3.990000E-03,+154.736E-06,-2.996148883E+00
-3.985000E-03,+116.691E-06,-2.971663603E+00
-3.980000E-03,-26.028E-06,-2.937706391E+00
-3.975000E-03,-78.822E-06,-2.916048530E+00
-3.970000E-03,-40.235E-06,-2.893573017E+00
-3.965000E-03,+205.354E-06,-2.856676067E+00
-3.960000E-03,+218.606E-06,-2.832530815E+00
-3.955000E-03,+31.450E-06,-2.804980037E+00
-3.950000E-03,+7.604E-06,-2.768937480E+00
-3.945000E-03,+218.470E-06,-2.742316913E+00
-3.940000E-03,+197.591E-06,-2.708849368E+00
-3.935000E-03,+5.573E-06,-2.679565895E+00
-3.930000E-03,-24.734E-06,-2.653510244E+00
-3.925000E-03,+67.153E-06,-2.615042778E+00
-3.920000E-03,+209.171E-06,-2.586600811E+00
-3.915000E-03,+237.430E-06,-2.553899509E+00
-3.910000E-03,-40.014E-06,-2.521638660E+00
-3.905000E-03,+151.130E-06,-2.495394684E+00
-3.900000E-03,+338.657E-06,-2.457693504E+00
-3.895000E-03,+27.838E-06,-2.431550880E+00
-3.890000E-03,-125.532E-06,-2.402768827E+00
-3.885000E-03,+39.947E-06,-2.367341987E+00
-3.880000E-03,+24.148E-06,-2.339816728E+00
-3.875000E-03,+96.787E-06,-2.302542723E+00
-3.870000E-03,+56.435E-06,-2.273347218E+00
-3.865000E-03,-14.450E-06,-2.244213610E+00
-3.860000E-03,-51.023E-06,-2.209741463E+00
-3.855000E-03,-82.384E-06,-2.187643690E+00
-3.850000E-03,-13.998E-06,-2.155746125E+00
-3.845000E-03,-46.170E-06,-2.121701428E+00
-3.840000E-03,-76.415E-06,-2.099188817E+00
-3.835000E-03,+71.419E-06,-2.064376805E+00
-3.830000E-03,-121.539E-06,-2.036362357E+00
-3.825000E-03,-4.186E-06,-2.012718684E+00
-3.820000E-03,+32.278E-06,-1.974979895E+00
-3.815000E-03,-45.435E-06,-1.944213786E+00
-3.810000E-03,-123.442E-06,-1.909188289E+00
-3.805000E-03,-128.611E-06,-1.876676228E+00
-3.800000E-03,-25.709E-06,-1.848648308E+00
-3.795000E-03,-178.436E-06,-1.812768953E+00
-3.790000E-03,-51.555E-06,-1.792468141E+00
-3.785000E-03,-169.574E-06,-1.774515127E+00
-3.780000E-03,-18.963E-06,-1.736072582E+00
-3.775000E-03,+16.892E-06,-1.705809418E+00
-3.770000E-03,-238.252E-06,-1.673936986E+00
-3.765000E-03,-188.831E-06,-1.639980266E+00
-3.760000E-03,-110.617E-06,-1.618271671E+00
-3.755000E-03,+100.891E-06,-1.585582793E+00
-3.750000E-03,+236.234E-06,-1.555997988E+00
-3.745000E-03,-62.550E-06,-1.533598196E+00
-3.740000E-03,+132.356E-06,-1.496914240E+00
-3.735000E-03,-4.575E-06,-1.465407282E+00
-3.730000E-03,+287.060E-06,-1.432404276E+00
-3.725000E-03,+192.891E-06,-1.397015364E+00
-3.720000E-03,-61.959E-06,-1.372907172E+00
-3.715000E-03,-68.316E-06,-1.337630438E+00
-3.710000E-03,-50.440E-06,-1.309239070E+00
-3.705000E-03,+2.133E-06,-1.282366708E+00
-3.700000E-03,+130.716E-06,-1.245570371E+00
-3.695000E-03,-54.358E-06,-1.221261623E+00
-3.690000E-03,+97.983E-06,-1.190243425E+00
-3.685000E-03,+296.133E-06,-1.154929704E+00
-3.680000E-03,+140.199E-06,-1.131625934E+00
-3.675000E-03,+26.189E-06,-1.100281198E+00
-3.670000E-03,+180.581E-06,-1.069603211E+00
-3.665000E-03,+55.437E-06,-1.039451990E+00
-3.660000E-03,-14.856E-06,-1.002919631E+00
-3.655000E-03,-19.345E-06,-978.045514E-03
-3.650000E-03,+24.549E-06,-947.014839E-03
-3.645000E-03,-222.283E-06,-917.015461E-03
-3.640000E-03,-122.275E-06,-897.656214E-03
-3.635000E-03,+218.290E-06,-865.595119E-03
-3.630000E-03,+48.566E-06,-828.346793E-03
-3.625000E-03,-48.938E-06,-795.632955E-03
-3.620000E-03,-38.624E-06,-762.555380E-03
-3.615000E-03,+53.984E-06,-738.811871E-03
-3.610000E-03,+74.953E-06,-706.713234E-03
-3.605000E-03,-75.173E-06,-674.766638E-03
-3.600000E-03,-196.190E-06,-650.720977E-03
-3.595000E-03,-255.268E-06,-613.723322E-03
-3.590000E-03,-293.598E-06,-585.331901E-03
-3.585000E-03,-375.101E-06,-557.693160E-03
-3.580000E-03,-429.836E-06,-520.331565E-03
-3.575000E-03,-378.964E-06,-495.130775E-03
-3.570000E-03,-575.128E-06,-461.562380E-03
-3.565000E-03,-844.021E-06,-430.281853E-03
-3.560000E-03,-1.058090E-03,-408.598155E-03
-3.555000E-03,-1.238869E-03,-374.766047E-03
-3.550000E-03,-1.659249E-03,-347.580840E-03
-3.545000E-03,-1.841128E-03,-323.937003E-03
-3.540000E-03,-2.141970E-03,-285.946992E-03
-3.535000E-03,-2.595095E-03,-258.095624E-03
-3.530000E-03,-2.993506E-03,-225.971994E-03
-3.525000E-03,-3.166155E-03,-191.550277E-03
-3.520000E-03,-3.281637E-03,-169.351837E-03
-3.515000E-03,-3.528353E-03,-135.645345E-03
-3.510000E-03,-3.619418E-03,-107.053122E-03
-3.505000E-03,-3.824064E-03,-84.263713E-03
-3.500000E-03,-4.051446E-03,-50.029924E-03
-3.495000E-03,-3.923869E-03,-22.618440E-03
-3.490000E-03,-3.946237E-03,+1.904759E-03
-3.485000E-03,-4.245749E-03,+38.085727E-03
-3.480000E-03,-4.273060E-03,+64.467231E-03
-3.475000E-03,-4.023556E-03,+98.023158E-03
-3.470000E-03,-4.032571E-03,+131.414297E-03
-3.465000E-03,-4.311707E-03,+154.542678E-03
-3.460000E-03,-4.155278E-03,+190.648745E-03
-3.455000E-03,-4.010264E-03,+220.585221E-03
-3.450000E-03,-4.153331E-03,+248.651209E-03
-3.445000E-03,-4.005012E-03,+284.065427E-03
-3.440000E-03,-3.858016E-03,+309.919823E-03
-3.435000E-03,-3.893141E-03,+345.812210E-03
-3.430000E-03,-3.505842E-03,+375.673177E-03
-3.425000E-03,-3.319519E-03,+400.284280E-03
-3.420000E-03,-3.416064E-03,+436.741511E-03
-3.415000E-03,-3.466503E-03,+459.994489E-03
-3.410000E-03,-3.212426E-03,+483.412498E-03
-3.405000E-03,-3.173488E-03,+521.503078E-03
-3.400000E-03,-2.831821E-03,+547.017480E-03
-3.395000E-03,-2.569775E-03,+580.033364E-03
-3.390000E-03,-2.641269E-03,+613.788844E-03
-3.385000E-03,-2.525898E-03,+637.884699E-03
-3.380000E-03,-2.446795E-03,+675.987906E-03
-3.375000E-03,-2.224154E-03,+701.853868E-03
-3.370000E-03,-2.011884E-03,+725.359587E-03
-3.365000E-03,-1.801891E-03,+761.326992E-03
-3.360000E-03,-1.790049E-03,+784.240873E-03
-3.355000E-03,-1.739767E-03,+813.111366E-03
-3.350000E-03,-1.429433E-03,+850.660986E-03
-3.345000E-03,-1.200718E-03,+877.784426E-03
-3.340000E-03,-1.279358E-03,+915.158995E-03
-3.335000E-03,-1.377752E-03,+941.652947E-03
-3.330000E-03,-1.245425E-03,+964.103279E-03
-3.325000E-03,-998.421E-06,+998.588337E-03
-3.320000E-03,-927.937E-06,+1.023725820E+00
-3.315000E-03,-770.087E-06,+1.050360094E+00
-3.310000E-03,-835.014E-06,+1.089028116E+00
-3.305000E-03,-839.441E-06,+1.115547698E+00
-3.300000E-03,-676.558E-06,+1.145887423E+00
-3.295000E-03,-541.603E-06,+1.176175912E+00
-3.290000E-03,-552.467E-06,+1.203776946E+00
-3.285000E-03,-541.315E-06,+1.244128776E+00
-3.280000E-03,-474.285E-06,+1.274442321E+00
-3.275000E-03,-220.529E-06,+1.309204230E+00
-3.270000E-03,-637.221E-06,+1.338638042E+00
-3.265000E-03,-889.476E-06,+1.357821596E+00
-3.260000E-03,-527.982E-06,+1.389845085E+00
-3.255000E-03,-500.572E-06,+1.423902342E+00
-3.250000E-03,-625.570E-06,+1.453111091E+00
-3.245000E-03,-499.458E-06,+1.485774210E+00
-3.240000E-03,-661.846E-06,+1.509303958E+00
-3.235000E-03,-413.843E-06,+1.538563436E+00
-3.230000E-03,-361.908E-06,+1.572746380E+00
-3.225000E-03,-524.062E-06,+1.598148531E+00
-3.220000E-03,-346.082E-06,+1.633450455E+00
-3.215000E-03,-482.427E-06,+1.663135633E+00
-3.210000E-03,-290.505E-06,+1.685698726E+00
-3.205000E-03,-181.788E-06,+1.719832312E+00
-3.200000E-03,-302.471E-06,+1.748148344E+00
-3.195000E-03,-166.605E-06,+1.776905187E+00
-3.190000E-03,-266.897E-06,+1.810472612E+00
-3.185000E-03,-214.738E-06,+1.834517632E+00
-3.180000E-03,-181.382E-06,+1.866289765E+00
-3.175000E-03,-96.907E-06,+1.899467529E+00
-3.170000E-03,-3.149E-06,+1.926515695E+00
-3.165000E-03,+33.782E-06,+1.964053389E+00
-3.160000E-03,+84.957E-06,+1.988851466E+00
-3.155000E-03,+68.080E-06,+2.013701569E+00
-3.150000E-03,+46.404E-06,+2.049970490E+00
-3.145000E-03,+93.736E-06,+2.072532450E+00
-3.140000E-03,+124.960E-06,+2.102734462E+00
-3.135000E-03,+104.521E-06,+2.138952413E+00
-3.130000E-03,+281.195E-06,+2.162809345E+00
-3.125000E-03,+152.053E-06,+2.197144027E+00
-3.120000E-03,+250.705E-06,+2.225811430E+00
-3.115000E-03,+342.400E-06,+2.250020704E+00
-3.110000E-03,+274.992E-06,+2.288412887E+00
-3.105000E-03,+145.909E-06,+2.314014957E+00
-3.100000E-03,+466.516E-06,+2.340988275E+00
-3.095000E-03,+515.138E-06,+2.375824449E+00
-3.090000E-03,+259.162E-06,+2.399555462E+00
-3.085000E-03,+341.438E-06,+2.433476024E+00
-3.080000E-03,+454.137E-06,+2.465422229E+00
-3.075000E-03,+466.786E-06,+2.489417876E+00
-3.070000E-03,+563.933E-06,+2.526754416E+00
-3.065000E-03,+562.730E-06,+2.553123096E+00
-3.060000E-03,+278.083E-06,+2.582068721E+00
-3.055000E-03,+186.838E-06,+2.618940210E+00
-3.050000E-03,+355.476E-06,+2.642997703E+00
-3.045000E-03,+81.093E-06,+2.676302481E+00
-3.040000E-03,+102.057E-06,+2.708412283E+00
-3.035000E-03,+306.675E-06,+2.737571336E+00
-3.030000E-03,+348.831E-06,+2.774367596E+00
-3.025000E-03,+310.611E-06,+2.797017364E+00
-3.020000E-03,+156.083E-06,+2.826692033E+00
-3.015000E-03,+120.080E-06,+2.860799236E+00
-3.010000E-03,+221.329E-06,+2.883500399E+00
-3.005000E-03,+222.252E-06,+2.918287528E+00
-3.000000E-03,+184.125E-06,-2.833375478E+00
-2.995000E-03,+114.001E-06,-3.020971500E+00
-2.990000E-03,-19.710E-06,-2.995834157E+00
-2.985000E-03,+55.183E-06,-2.971511924E+00
-2.980000E-03,+127.977E-06,-2.937592321E+00
-2.975000E-03,+212.373E-06,-2.916048028E+00
-2.970000E-03,+150.109E-06,-2.893873327E+00
-2.965000E-03,-3.331E-06,-2.856436136E+00
-2.960000E-03,+122.946E-06,-2.832530198E+00
-2.955000E-03,+2.231E-06,-2.804978918E+00
-2.950000E-03,+38.000E-06,-2.768936515E+00
-2.945000E-03,+116.293E-06,-2.742554601E+00
-2.940000E-03,+55.521E-06,-2.708823043E+00
-2.935000E-03,+61.802E-06,-2.679565200E+00
-2.930000E-03,+41.144E-06,-2.653270428E+00
-2.925000E-03,+76.324E-06,-2.615230142E+00
-2.920000E-03,+47.276E-06,-2.586599885E+00
-2.915000E-03,+180.591E-06,-2.553898313E+00
-2.910000E-03,+204.189E-06,-2.521637888E+00
-2.905000E-03,+324.150E-06,-2.495092092E+00
-2.900000E-03,+231.812E-06,-2.457692347E+00
-2.895000E-03,+265.614E-06,-2.431550262E+00
-2.890000E-03,+246.137E-06,-2.402604396E+00
-2.885000E-03,+236.798E-06,-2.366914089E+00
-2.880000E-03,+193.305E-06,-2.339501615E+00
-2.875000E-03,+159.618E-06,-2.302541566E+00
-2.870000E-03,+176.011E-06,-2.273082583E+00
-2.865000E-03,+283.682E-06,-2.244526562E+00
-2.860000E-03,+288.558E-06,-2.209740537E+00
-2.855000E-03,+325.045E-06,-2.187328886E+00
-2.850000E-03,+242.288E-06,-2.155430819E+00
-2.845000E-03,+147.503E-06,-2.121700656E+00
-2.840000E-03,+88.040E-06,-2.099225611E+00
-2.835000E-03,+95.496E-06,-2.064375609E+00
-2.830000E-03,+423.288E-06,-2.036185737E+00
-2.825000E-03,+174.910E-06,-2.012591930E+00
-2.820000E-03,-22.681E-06,-1.975217385E+00
-2.815000E-03,+216.515E-06,-1.944501720E+00
-2.810000E-03,+378.661E-06,-1.909476083E+00
-2.805000E-03,+499.843E-06,-1.876436639E+00
-2.800000E-03,+178.582E-06,-1.848458739E+00
-2.795000E-03,+208.387E-06,-1.812416361E+00
-2.790000E-03,+149.036E-06,-1.792467716E+00
-2.785000E-03,+249.326E-06,-1.774200015E+00
-2.780000E-03,+290.246E-06,-1.736046315E+00
-2.775000E-03,+213.251E-06,-1.705620033E+00
-2.770000E-03,+107.017E-06,-1.673734660E+00
-2.765000E-03,+420.360E-06,-1.639514583E+00
-2.760000E-03,+338.380E-06,-1.618069683E+00
-2.755000E-03,+162.397E-06,-1.585267565E+00
-2.750000E-03,+209.225E-06,-1.555997331E+00
-2.745000E-03,+143.750E-06,-1.533597309E+00
-2.740000E-03,+391.211E-06,-1.496812513E+00
-2.735000E-03,+496.260E-06,-1.465092363E+00
-2.730000E-03,+235.900E-06,-1.432088970E+00
-2.725000E-03,+357.976E-06,-1.396700483E+00
-2.720000E-03,+130.960E-06,-1.372893595E+00
-2.715000E-03,+287.875E-06,-1.337868112E+00
-2.710000E-03,+289.258E-06,-1.308924267E+00
-2.705000E-03,+375.829E-06,-1.282051518E+00
-2.700000E-03,+338.487E-06,-1.245381014E+00
-2.695000E-03,+237.629E-06,-1.220946781E+00
-2.690000E-03,+338.539E-06,-1.189928120E+00
-2.685000E-03,+380.802E-06,-1.154928739E+00
-2.680000E-03,+413.495E-06,-1.131625162E+00
-2.675000E-03,+313.758E-06,-1.100154502E+00
-2.670000E-03,+244.907E-06,-1.069464081E+00
-2.665000E-03,+326.739E-06,-1.039136723E+00
-2.660000E-03,+493.702E-06,-1.002366083E+00
-2.655000E-03,+303.260E-06,-977.730672E-03
-2.650000E-03,+208.251E-06,-946.699611E-03
-2.645000E-03,+255.160E-06,-916.700696E-03
-2.640000E-03,+349.854E-06,-897.504713E-03
-2.635000E-03,+259.789E-06,-865.593884E-03
-2.630000E-03,+203.800E-06,-828.295524E-03
-2.625000E-03,-20.040E-06,-795.945815E-03
-2.620000E-03,+212.292E-06,-762.290582E-03
-2.615000E-03,+15.351E-06,-738.811138E-03
-2.610000E-03,+132.378E-06,-706.548629E-03
-2.605000E-03,+139.949E-06,-674.740502E-03
-2.600000E-03,-187.116E-06,-650.468771E-03
-2.595000E-03,-1.497E-06,-613.734820E-03
-2.590000E-03,-64.067E-06,-585.570008E-03
-2.585000E-03,-355.564E-06,-557.692002E-03
-2.580000E-03,-230.607E-06,-520.330561E-03
-2.575000E-03,-412.140E-06,-494.815856E-03
-2.570000E-03,-526.590E-06,-461.322545E-03
-2.565000E-03,-805.865E-06,-430.256016E-03
-2.560000E-03,-1.019270E-03,-408.572314E-03
-2.555000E-03,-1.327441E-03,-374.526140E-03
-2.550000E-03,-1.824746E-03,-347.391686E-03
-2.545000E-03,-1.993595E-03,-323.760177E-03
-2.540000E-03,-2.211202E-03,-286.171947E-03
-2.535000E-03,-2.675491E-03,-258.057030E-03
-2.530000E-03,-2.865624E-03,-225.669234E-03
-2.525000E-03,-3.214666E-03,-191.486671E-03
-2.520000E-03,-3.386532E-03,-169.238019E-03
-2.515000E-03,-3.497330E-03,-135.179267E-03
-2.510000E-03,-3.682348E-03,-106.838994E-03
-2.505000E-03,-3.875695E-03,-84.162053E-03
-2.500000E-03,-3.894408E-03,-50.028689E-03
-2.495000E-03,-3.837578E-03,-22.353868E-03
-2.490000E-03,-4.208801E-03,+2.006207E-03
-2.485000E-03,-4.435496E-03,+38.086808E-03
-2.480000E-03,-4.227798E-03,+64.668949E-03
-2.475000E-03,-4.142510E-03,+98.087305E-03
-2.470000E-03,-4.252479E-03,+131.427653E-03
-2.465000E-03,-4.033546E-03,+154.543527E-03
-2.460000E-03,-4.324876E-03,+190.649941E-03
-2.455000E-03,-4.460027E-03,+220.761932E-03
-2.450000E-03,-3.995861E-03,+248.840710E-03
-2.445000E-03,-4.059644E-03,+284.066353E-03
-2.440000E-03,-3.813324E-03,+310.209672E-03
-2.435000E-03,-3.708050E-03,+345.838511E-03
-2.430000E-03,-3.842009E-03,+375.912703E-03
-2.425000E-03,-3.566129E-03,+400.222348E-03
-2.420000E-03,-3.380269E-03,+436.880843E-03
-2.415000E-03,-3.192870E-03,+460.221061E-03
-2.410000E-03,-3.156433E-03,+483.413617E-03
-2.405000E-03,-3.073654E-03,+521.491812E-03
-2.400000E-03,-2.791151E-03,+547.080966E-03
-2.395000E-03,-2.573025E-03,+579.921673E-03
-2.390000E-03,-2.429887E-03,+613.789616E-03
-2.385000E-03,-2.147913E-03,+638.199773E-03
-2.380000E-03,-2.159673E-03,+676.252743E-03
-2.375000E-03,-1.978610E-03,+701.854447E-03
-2.370000E-03,-2.076006E-03,+725.410741E-03
-2.365000E-03,-1.908651E-03,+761.328034E-03
-2.360000E-03,-1.788494E-03,+784.555561E-03
-2.355000E-03,-1.610871E-03,+813.627651E-03
-2.350000E-03,-1.514670E-03,+850.913067E-03
-2.345000E-03,-1.571216E-03,+877.785545E-03
-2.340000E-03,-1.513338E-03,+915.474300E-03
-2.335000E-03,-1.326534E-03,+941.653565E-03
-2.330000E-03,-1.323922E-03,+964.418314E-03
-2.325000E-03,-1.299819E-03,+998.715111E-03
-2.320000E-03,-1.419086E-03,+1.023801918E+00
-2.315000E-03,-1.447838E-03,+1.050624980E+00
-2.310000E-03,-1.221800E-03,+1.089318245E+00
-2.305000E-03,-1.129531E-03,+1.115787267E+00
-2.300000E-03,-810.487E-06,+1.146014027E+00
-2.295000E-03,-1.000173E-03,+1.176176722E+00
-2.290000E-03,-863.907E-06,+1.203866109E+00
-2.285000E-03,-462.634E-06,+1.244444004E+00
-2.280000E-03,-585.877E-06,+1.274744782E+00
-2.275000E-03,-523.073E-06,+1.309142718E+00
-2.270000E-03,-526.282E-06,+1.338638736E+00
-2.265000E-03,-543.142E-06,+1.357985579E+00
-2.260000E-03,-408.384E-06,+1.390059821E+00
-2.255000E-03,-395.446E-06,+1.424116662E+00
-2.250000E-03,-459.109E-06,+1.453426242E+00
-2.245000E-03,-348.999E-06,+1.485825320E+00
-2.240000E-03,-295.039E-06,+1.509405087E+00
-2.235000E-03,-206.355E-06,+1.538564555E+00
-2.230000E-03,-115.034E-06,+1.572747229E+00
-2.225000E-03,-200.057E-06,+1.598149457E+00
-2.220000E-03,+5.410E-06,+1.633451613E+00
-2.215000E-03,-12.618E-06,+1.662897457E+00
-2.210000E-03,+45.784E-06,+1.685473376E+00
-2.205000E-03,+178.595E-06,+1.719833431E+00
-2.200000E-03,+30.834E-06,+1.748337489E+00
-2.195000E-03,-57.249E-06,+1.776592236E+00
-2.190000E-03,-27.666E-06,+1.810473500E+00
-2.185000E-03,+18.002E-06,+1.834543421E+00
-2.180000E-03,+158.312E-06,+1.866529764E+00
-2.175000E-03,+226.616E-06,+1.899468378E+00
-2.170000E-03,+135.414E-06,+1.926655076E+00
-2.165000E-03,-64.988E-06,+1.964280491E+00
-2.160000E-03,+1.264E-06,+1.989128317E+00
-2.155000E-03,+170.378E-06,+2.014318299E+00
-2.150000E-03,-30.955E-06,+2.049971570E+00
-2.145000E-03,-32.171E-06,+2.072533067E+00
-2.140000E-03,-98.355E-06,+2.102886484E+00
-2.135000E-03,-64.581E-06,+2.138739766E+00
-2.130000E-03,-52.313E-06,+2.162810233E+00
-2.125000E-03,-108.576E-06,+2.197459144E+00
-2.120000E-03,-85.381E-06,+2.225498016E+00
-2.115000E-03,-23.884E-06,+2.250021746E+00
-2.110000E-03,-146.954E-06,+2.288577473E+00
-2.105000E-03,+11.047E-06,+2.314216506E+00
-2.100000E-03,+47.289E-06,+2.340989433E+00
-2.095000E-03,-40.848E-06,+2.375825337E+00
-2.090000E-03,+203.082E-06,+2.399279778E+00
-2.085000E-03,+94.247E-06,+2.433338920E+00
-2.080000E-03,-125.354E-06,+2.465247009E+00
-2.075000E-03,+53.968E-06,+2.489167513E+00
-2.070000E-03,+100.468E-06,+2.526755458E+00
-2.065000E-03,+51.508E-06,+2.553123790E+00
-2.060000E-03,+394.559E-06,+2.582069879E+00
-2.055000E-03,+129.770E-06,+2.618865912E+00
-2.050000E-03,+189.384E-06,+2.642998513E+00
-2.045000E-03,+394.057E-06,+2.676617748E+00
-2.040000E-03,+459.422E-06,+2.708639110E+00
-2.035000E-03,+341.753E-06,+2.737258462E+00
-2.030000E-03,+246.844E-06,+2.774356229E+00
-2.025000E-03,+452.587E-06,+2.797206615E+00
-2.020000E-03,+513.289E-06,+2.826894388E+00
-2.015000E-03,+350.481E-06,+2.860950916E+00
-2.010000E-03,+394.097E-06,+2.883501286E+00
-2.005000E-03,+494.474E-06,+2.918288763E+00
-2.000000E-03,+222.407E-06,-2.871076308E+00
-1.995000E-03,+280.117E-06,-3.020606214E+00
-1.990000E-03,+145.636E-06,-2.995833501E+00
-1.985000E-03,+221.068E-06,-2.971510959E+00
-1.980000E-03,+149.617E-06,-2.937503650E+00
-1.975000E-03,+356.358E-06,-2.916047527E+00
-1.970000E-03,+298.041E-06,-2.893256709E+00
-1.965000E-03,+179.173E-06,-2.856397407E+00
-1.960000E-03,+376.209E-06,-2.832441758E+00
-1.955000E-03,+415.898E-06,-2.804977798E+00
-1.950000E-03,+350.877E-06,-2.768747226E+00
-1.945000E-03,+63.112E-06,-2.742315061E+00
-1.940000E-03,+427.702E-06,-2.708821886E+00
-1.935000E-03,+160.087E-06,-2.679011387E+00
-1.930000E-03,+310.772E-06,-2.652955277E+00
-1.925000E-03,+9.975E-06,-2.615103514E+00
-1.920000E-03,+20.476E-06,-2.586423198E+00
-1.915000E-03,+369.985E-06,-2.554035069E+00
-1.910000E-03,+430.002E-06,-2.521323045E+00
-1.905000E-03,+288.107E-06,-2.495392677E+00
-1.900000E-03,+122.641E-06,-2.457125743E+00
-1.895000E-03,+267.360E-06,-2.431461465E+00
-1.890000E-03,+187.909E-06,-2.402603238E+00
-1.885000E-03,+355.274E-06,-2.366913240E+00
-1.880000E-03,+222.081E-06,-2.339186503E+00
-1.875000E-03,+197.293E-06,-2.302540408E+00
-1.870000E-03,+169.570E-06,-2.273081811E+00
-1.865000E-03,+322.285E-06,-2.244324679E+00
-1.860000E-03,+292.948E-06,-2.209588978E+00
-1.855000E-03,+392.903E-06,-2.187328153E+00
-1.850000E-03,+340.746E-06,-2.155617784E+00
-1.845000E-03,+139.524E-06,-2.121699884E+00
-1.840000E-03,+156.022E-06,-2.099224762E+00
-1.835000E-03,+188.089E-06,-2.064148160E+00
-1.830000E-03,+162.690E-06,-2.036361044E+00
-1.825000E-03,+144.946E-06,-2.012276779E+00
-1.820000E-03,+196.749E-06,-1.974977656E+00
-1.815000E-03,-23.122E-06,-1.944186685E+00
-1.810000E-03,-48.276E-06,-1.909185819E+00
-1.805000E-03,+226.487E-06,-1.876196973E+00
-1.800000E-03,+384.364E-06,-1.848143588E+00
-1.795000E-03,+64.160E-06,-1.812452875E+00
-1.790000E-03,+145.015E-06,-1.792379228E+00
-1.785000E-03,+511.088E-06,-1.774161160E+00
-1.780000E-03,+190.744E-06,-1.736057519E+00
-1.775000E-03,+299.332E-06,-1.705556494E+00
-1.770000E-03,+328.766E-06,-1.673419316E+00
-1.765000E-03,+201.234E-06,-1.639827843E+00
-1.760000E-03,+155.036E-06,-1.617955980E+00
-1.755000E-03,+328.078E-06,-1.585266407E+00
-1.750000E-03,+360.623E-06,-1.555996675E+00
-1.745000E-03,+422.781E-06,-1.533546296E+00
-1.740000E-03,+317.353E-06,-1.496710863E+00
-1.735000E-03,+598.175E-06,-1.465254956E+00
-1.730000E-03,+223.515E-06,-1.432489493E+00
-1.725000E-03,+314.563E-06,-1.396762613E+00
-1.720000E-03,+623.800E-06,-1.372879941E+00
-1.715000E-03,+351.871E-06,-1.337313975E+00
-1.710000E-03,+286.044E-06,-1.309149791E+00
-1.705000E-03,+271.738E-06,-1.282226406E+00
-1.700000E-03,+60.210E-06,-1.245568364E+00
-1.695000E-03,+217.176E-06,-1.220870505E+00
-1.690000E-03,+144.901E-06,-1.190240955E+00
-1.685000E-03,+32.991E-06,-1.154927774E+00
-1.680000E-03,-96.684E-06,-1.131624390E+00
-1.675000E-03,+107.474E-06,-1.099839312E+00
-1.670000E-03,+123.016E-06,-1.069601513E+00
-1.665000E-03,+135.452E-06,-1.039361529E+00
-1.660000E-03,-43.775E-06,-1.002641449E+00
-1.655000E-03,+50.881E-06,-978.019103E-03
-1.650000E-03,+62.739E-06,-946.949839E-03
-1.645000E-03,+122.578E-06,-916.700001E-03
-1.640000E-03,-137.210E-06,-897.189948E-03
-1.635000E-03,-196.381E-06,-865.705455E-03
-1.630000E-03,+27.542E-06,-828.244178E-03
-1.625000E-03,+202.970E-06,-795.944527E-03
-1.620000E-03,+67.468E-06,-762.289655E-03
-1.615000E-03,+32.714E-06,-738.596706E-03
-1.610000E-03,+114.865E-06,-706.547394E-03
-1.605000E-03,+128.164E-06,-674.765172E-03
-1.600000E-03,+128.110E-06,-650.467768E-03
-1.595000E-03,+112.759E-06,-613.721006E-03
-1.590000E-03,-108.750E-06,-585.569314E-03
-1.585000E-03,-78.840E-06,-557.917107E-03
-1.580000E-03,-2.484E-06,-520.467617E-03
-1.575000E-03,-398.338E-06,-495.129077E-03
-1.570000E-03,-652.639E-06,-461.321349E-03
-1.565000E-03,-517.229E-06,-430.544172E-03
-1.560000E-03,-540.821E-06,-408.571542E-03
-1.555000E-03,-982.076E-06,-374.524982E-03
-1.550000E-03,-1.354728E-03,-347.265535E-03
-1.545000E-03,-1.646819E-03,-323.620849E-03
-1.540000E-03,-2.244783E-03,-286.170828E-03
-1.535000E-03,-2.325959E-03,-257.742111E-03
-1.530000E-03,-2.658953E-03,-225.969679E-03
-1.525000E-03,-2.981996E-03,-191.423142E-03
-1.520000E-03,-3.265074E-03,-169.350139E-03
-1.515000E-03,-3.365220E-03,-135.165777E-03
-1.510000E-03,-3.762106E-03,-106.737740E-03
-1.505000E-03,-3.868041E-03,-83.897327E-03
-1.500000E-03,-3.694078E-03,-49.713635E-03
-1.495000E-03,-4.000620E-03,-22.353173E-03
-1.490000E-03,-4.248831E-03,+1.693140E-03
-1.485000E-03,-4.075910E-03,+38.075054E-03
-1.480000E-03,-4.424226E-03,+64.669721E-03
-1.475000E-03,-4.313628E-03,+98.025628E-03
-1.470000E-03,-4.265703E-03,+131.729757E-03
-1.465000E-03,-4.314492E-03,+154.506824E-03
-1.460000E-03,-4.358896E-03,+190.651137E-03
-1.455000E-03,-4.431911E-03,+220.762704E-03
-1.450000E-03,-4.395669E-03,+248.967595E-03
-1.445000E-03,-4.148649E-03,+284.067279E-03
-1.440000E-03,-3.892460E-03,+310.210637E-03
-1.435000E-03,-4.039086E-03,+345.525675E-03
-1.430000E-03,-4.034819E-03,+375.674644E-03
-1.425000E-03,-3.864296E-03,+399.909281E-03
-1.420000E-03,-3.490206E-03,+436.881924E-03
-1.415000E-03,-3.569881E-03,+459.995570E-03
-1.410000E-03,-3.399233E-03,+483.138493E-03
-1.405000E-03,-3.107432E-03,+521.505471E-03
-1.400000E-03,-2.999737E-03,+547.081699E-03
-1.395000E-03,-2.747968E-03,+580.035911E-03
-1.390000E-03,-2.509114E-03,+613.639495E-03
-1.385000E-03,-2.527777E-03,+637.987348E-03
-1.380000E-03,-2.581284E-03,+675.990145E-03
-1.375000E-03,-2.328438E-03,+701.855025E-03
-1.370000E-03,-2.055990E-03,+725.361594E-03
-1.365000E-03,-2.158600E-03,+761.329076E-03
-1.360000E-03,-1.884077E-03,+784.556179E-03
-1.355000E-03,-1.940038E-03,+813.113990E-03
-1.350000E-03,-1.928732E-03,+850.599884E-03
-1.345000E-03,-1.689651E-03,+877.786664E-03
-1.340000E-03,-1.445814E-03,+915.475535E-03
-1.335000E-03,-1.633394E-03,+941.741981E-03
-1.330000E-03,-1.478166E-03,+964.419279E-03
-1.325000E-03,-1.277193E-03,+998.841961E-03
-1.320000E-03,-1.147802E-03,+1.024041125E+00
-1.315000E-03,-1.196228E-03,+1.050600908E+00
-1.310000E-03,-1.047762E-03,+1.089030277E+00
-1.305000E-03,-824.404E-06,+1.115549242E+00
-1.300000E-03,-951.361E-06,+1.146203654E+00
-1.295000E-03,-1.029680E-03,+1.176177533E+00
-1.290000E-03,-607.127E-06,+1.203867267E+00
-1.285000E-03,-643.834E-06,+1.244721401E+00
-1.280000E-03,-407.462E-06,+1.274733251E+00
-1.275000E-03,-493.698E-06,+1.309206623E+00
-1.270000E-03,-459.199E-06,+1.338639431E+00
-1.265000E-03,-321.915E-06,+1.357672242E+00
-1.260000E-03,-267.028E-06,+1.390375126E+00
-1.255000E-03,-189.791E-06,+1.424117550E+00
-1.250000E-03,-474.762E-06,+1.453427323E+00
-1.245000E-03,-195.338E-06,+1.485826246E+00
-1.240000E-03,-138.663E-06,+1.509405782E+00
-1.235000E-03,-189.555E-06,+1.538565674E+00
-1.230000E-03,+3.963E-06,+1.572861289E+00
-1.225000E-03,+89.246E-06,+1.598150384E+00
-1.220000E-03,-122.461E-06,+1.633754132E+00
-1.215000E-03,+88.984E-06,+1.663451169E+00
-1.210000E-03,+117.042E-06,+1.685788295E+00
-1.205000E-03,-125.643E-06,+1.719658524E+00
-1.200000E-03,-180.826E-06,+1.748464036E+00
-1.195000E-03,-95.534E-06,+1.776907425E+00
-1.190000E-03,-215.159E-06,+1.810788458E+00
-1.185000E-03,-84.555E-06,+1.834544154E+00
-1.180000E-03,-74.021E-06,+1.866606228E+00
-1.175000E-03,-317.040E-06,+1.899469227E+00
-1.170000E-03,-238.855E-06,+1.926831927E+00
-1.165000E-03,-9.497E-06,+1.964055550E+00
-1.160000E-03,+46.136E-06,+1.988890460E+00
-1.155000E-03,+55.545E-06,+2.014017723E+00
-1.150000E-03,-23.875E-06,+2.050035316E+00
-1.145000E-03,-54.215E-06,+2.072734838E+00
-1.140000E-03,+87.715E-06,+2.103189486E+00
-1.135000E-03,+122.834E-06,+2.138954034E+00
-1.130000E-03,-39.876E-06,+2.162811120E+00
-1.125000E-03,+218.049E-06,+2.197460412E+00
-1.120000E-03,+245.530E-06,+2.225812743E+00
-1.115000E-03,+178.949E-06,+2.250123140E+00
-1.110000E-03,+277.257E-06,+2.288879877E+00
-1.105000E-03,+84.541E-06,+2.314129485E+00
-1.100000E-03,+193.713E-06,+2.341241696E+00
-1.095000E-03,+332.619E-06,+2.375826224E+00
-1.090000E-03,+270.183E-06,+2.399594620E+00
-1.085000E-03,+278.182E-06,+2.433566437E+00
-1.080000E-03,+299.653E-06,+2.465423773E+00
-1.075000E-03,+538.381E-06,+2.489608405E+00
-1.070000E-03,+428.147E-06,+2.526832029E+00
-1.065000E-03,+424.980E-06,+2.553124485E+00
-1.060000E-03,+338.124E-06,+2.582385107E+00
-1.055000E-03,+338.951E-06,+2.619180985E+00
-1.050000E-03,+372.619E-06,+2.643313394E+00
-1.045000E-03,+556.461E-06,+2.676757288E+00
-1.040000E-03,+490.610E-06,+2.708639882E+00
-1.035000E-03,+503.794E-06,+2.737259659E+00
-1.030000E-03,+527.142E-06,+2.774369758E+00
-1.025000E-03,+521.213E-06,+2.797207271E+00
-1.020000E-03,+480.692E-06,+2.826807415E+00
-1.015000E-03,+391.727E-06,+2.860951765E+00
-1.010000E-03,+543.912E-06,+2.883502174E+00
-1.005000E-03,+253.971E-06,+2.918604068E+00
-1.000000E-03,+425.362E-06,-2.906884380E+00
-995.000E-06,+412.870E-06,-3.020605171E+00
-990.000E-06,+226.261E-06,-2.995832845E+00
-985.000E-06,+130.186E-06,-2.971346523E+00
-980.000E-06,+431.450E-06,-2.937276321E+00
-975.000E-06,+213.225E-06,-2.915732955E+00
-970.000E-06,-96.117E-06,-2.893255590E+00
-965.000E-06,+222.471E-06,-2.856082217E+00
-960.000E-06,+265.439E-06,-2.832302676E+00
-955.000E-06,+298.674E-06,-2.804662609E+00
-950.000E-06,+10.585E-06,-2.768620515E+00
-945.000E-06,+62.519E-06,-2.742314135E+00
-940.000E-06,+286.279E-06,-2.708506658E+00
-935.000E-06,+231.786E-06,-2.679274709E+00
-930.000E-06,+389.225E-06,-2.652640127E+00
-925.000E-06,+125.424E-06,-2.614913834E+00
-920.000E-06,+96.787E-06,-2.586422311E+00
-915.000E-06,+142.123E-06,-2.553581849E+00
-910.000E-06,+180.031E-06,-2.521360120E+00
-905.000E-06,+174.855E-06,-2.495077603E+00
-900.000E-06,+192.876E-06,-2.457187202E+00
-895.000E-06,+334.854E-06,-2.431347864E+00
-890.000E-06,+171.073E-06,-2.402288010E+00
-885.000E-06,+35.117E-06,-2.366811729E+00
-880.000E-06,+67.910E-06,-2.339499531E+00
-875.000E-06,+42.815E-06,-2.301911428E+00
-870.000E-06,+297.316E-06,-2.272817061E+00
-865.000E-06,+341.318E-06,-2.244109910E+00
-860.000E-06,-58.022E-06,-2.209424614E+00
-855.000E-06,-257.834E-06,-2.187327420E+00
-850.000E-06,+174.310E-06,-2.155365375E+00
-845.000E-06,+296.715E-06,-2.121397765E+00
-840.000E-06,+144.499E-06,-2.099186385E+00
-835.000E-06,+286.413E-06,-2.064059146E+00
-830.000E-06,-131.339E-06,-2.036360388E+00
-825.000E-06,+32.296E-06,-2.012401488E+00
-820.000E-06,+46.976E-06,-1.974900999E+00
-815.000E-06,-92.118E-06,-1.944185720E+00
-810.000E-06,-399.789E-06,-1.909473691E+00
-805.000E-06,-278.005E-06,-1.876120871E+00
-800.000E-06,-58.421E-06,-1.848205645E+00
-795.000E-06,+85.340E-06,-1.812728578E+00
-790.000E-06,-178.952E-06,-1.792466867E+00
-785.000E-06,-332.641E-06,-1.774160080E+00
-780.000E-06,-239.309E-06,-1.736068645E+00
-775.000E-06,+865E-09,-1.705618334E+00
-770.000E-06,+30.797E-06,-1.673418042E+00
-765.000E-06,-310.092E-06,-1.639827033E+00
-760.000E-06,-468.015E-06,-1.618168574E+00
-755.000E-06,-137.053E-06,-1.585478490E+00
-750.000E-06,-52.722E-06,-1.555681949E+00
-745.000E-06,-66.603E-06,-1.533331550E+00
-740.000E-06,-360.424E-06,-1.496709628E+00
-735.000E-06,-390.023E-06,-1.465090665E+00
-730.000E-06,-377.372E-06,-1.432287341E+00
-725.000E-06,-194.525E-06,-1.397012933E+00
-720.000E-06,-155.835E-06,-1.372878937E+00
-715.000E-06,-330.695E-06,-1.337589326E+00
-710.000E-06,-306.445E-06,-1.308922800E+00
-705.000E-06,-173.881E-06,-1.281911255E+00
-700.000E-06,-84.411E-06,-1.245755637E+00
-695.000E-06,-48.377E-06,-1.220945237E+00
-690.000E-06,-290.585E-06,-1.190214428E+00
-685.000E-06,-109.824E-06,-1.154926810E+00
-680.000E-06,-113.806E-06,-1.131459968E+00
-675.000E-06,-97.951E-06,-1.100026802E+00
-670.000E-06,-140.007E-06,-1.069462306E+00
-665.000E-06,-137.736E-06,-1.039360294E+00
-660.000E-06,-156.804E-06,-1.002640522E+00
-655.000E-06,-53.495E-06,-978.030804E-03
-650.000E-06,-184.589E-06,-947.011366E-03
-645.000E-06,-295.599E-06,-917.013377E-03
-640.000E-06,-157.998E-06,-897.340175E-03
-635.000E-06,-202.601E-06,-865.704143E-03
-630.000E-06,-105.786E-06,-828.243174E-03
-625.000E-06,-375.589E-06,-795.943330E-03
-620.000E-06,-520.026E-06,-762.552717E-03
-615.000E-06,-310.919E-06,-738.809671E-03
-610.000E-06,-488.088E-06,-706.546159E-03
-605.000E-06,-456.698E-06,-674.852039E-03
-600.000E-06,-613.557E-06,-650.780834E-03
-595.000E-06,-616.186E-06,-614.021186E-03
-590.000E-06,-541.937E-06,-585.292067E-03
-585.000E-06,-734.272E-06,-557.689687E-03
-580.000E-06,-893.520E-06,-520.504604E-03
-575.000E-06,-974.979E-06,-494.814157E-03
-570.000E-06,-1.073179E-03,-461.320153E-03
-565.000E-06,-1.357755E-03,-430.254704E-03
-560.000E-06,-1.659944E-03,-408.595724E-03
-555.000E-06,-1.836388E-03,-374.762690E-03
-550.000E-06,-1.941237E-03,-347.390373E-03
-545.000E-06,-2.367100E-03,-323.933877E-03
-540.000E-06,-2.610283E-03,-286.169709E-03
-535.000E-06,-2.809263E-03,-258.055332E-03
-530.000E-06,-3.144159E-03,-225.666841E-03
-525.000E-06,-3.398081E-03,-191.484973E-03
-520.000E-06,-3.793971E-03,-169.349290E-03
-515.000E-06,-3.925794E-03,-135.340018E-03
-510.000E-06,-3.803642E-03,-106.737083E-03
-505.000E-06,-4.149723E-03,-84.474039E-03
-500.000E-06,-4.189741E-03,-50.026624E-03
-495.000E-06,-4.433521E-03,-22.402556E-03
-490.000E-06,-4.504901E-03,+1.694143E-03
-485.000E-06,-4.260642E-03,+37.938389E-03
-480.000E-06,-4.549739E-03,+64.783733E-03
-475.000E-06,-4.711670E-03,+97.963875E-03
-470.000E-06,-4.757702E-03,+131.416381E-03
-465.000E-06,-4.558569E-03,+154.507712E-03
-460.000E-06,-4.596701E-03,+190.652334E-03
-455.000E-06,-4.605504E-03,+220.763475E-03
-450.000E-06,-4.601795E-03,+248.968752E-03
-445.000E-06,-4.435171E-03,+283.829688E-03
-440.000E-06,-4.453585E-03,+309.922833E-03
-435.000E-06,-4.034652E-03,+345.840980E-03
-430.000E-06,-3.875141E-03,+375.675377E-03
-425.000E-06,-3.947210E-03,+400.287522E-03
-420.000E-06,-3.571430E-03,+436.883005E-03
-415.000E-06,-3.408644E-03,+459.996110E-03
-410.000E-06,-3.376457E-03,+483.177516E-03
-405.000E-06,-2.990720E-03,+521.506667E-03
-400.000E-06,-3.134876E-03,+546.768362E-03
-395.000E-06,-2.888996E-03,+580.037185E-03
-390.000E-06,-2.892172E-03,+613.640228E-03
-385.000E-06,-2.544478E-03,+637.887709E-03
-380.000E-06,-2.212371E-03,+675.991264E-03
-375.000E-06,-2.635539E-03,+701.855604E-03
-370.000E-06,-2.268718E-03,+725.362598E-03
-365.000E-06,-2.152975E-03,+761.229794E-03
-360.000E-06,-1.905348E-03,+784.242726E-03
-355.000E-06,-1.945292E-03,+813.316128E-03
-350.000E-06,-1.880787E-03,+850.663765E-03
-345.000E-06,-1.691370E-03,+877.787783E-03
-340.000E-06,-1.694887E-03,+915.439261E-03
-335.000E-06,-1.385441E-03,+941.968870E-03
-330.000E-06,-1.251221E-03,+964.282233E-03
-325.000E-06,-1.677867E-03,+998.717272E-03
-320.000E-06,-1.423932E-03,+1.023966185E+00
-315.000E-06,-1.269441E-03,+1.050627372E+00
-310.000E-06,-1.006157E-03,+1.089320483E+00
-305.000E-06,-791.652E-06,+1.115550014E+00
-300.000E-06,-918.288E-06,+1.146016111E+00
-295.000E-06,-972.013E-06,+1.176354041E+00
-290.000E-06,-782.370E-06,+1.204182495E+00
-285.000E-06,-582.097E-06,+1.244446320E+00
-280.000E-06,-522.166E-06,+1.274746558E+00
-275.000E-06,-741.733E-06,+1.309270451E+00
-270.000E-06,-306.881E-06,+1.338640126E+00
-265.000E-06,-284.756E-06,+1.357823911E+00
-260.000E-06,-416.718E-06,+1.390062291E+00
-255.000E-06,-249.529E-06,+1.424168872E+00
-250.000E-06,-246.073E-06,+1.453114516E+00
-245.000E-06,-202.736E-06,+1.485777104E+00
-240.000E-06,-168.874E-06,+1.509406476E+00
-235.000E-06,-88.492E-06,+1.538566794E+00
-230.000E-06,-227.756E-06,+1.572748927E+00
-225.000E-06,-17.762E-06,+1.598151310E+00
-220.000E-06,+109.197E-06,+1.633453929E+00
-215.000E-06,-57.819E-06,+1.663175336E+00
-210.000E-06,-229.458E-06,+1.685789144E+00
-205.000E-06,-181.080E-06,+1.719659605E+00
-200.000E-06,+3.817E-06,+1.748339033E+00
-195.000E-06,-28.736E-06,+1.776670036E+00
-190.000E-06,-98.693E-06,+1.810764034E+00
-185.000E-06,-67.516E-06,+1.834544888E+00
-180.000E-06,-156.336E-06,+1.866607425E+00
-175.000E-06,+28.888E-06,+1.899470076E+00
-170.000E-06,+23.456E-06,+1.926657315E+00
-165.000E-06,+16.563E-06,+1.964056631E+00
-160.000E-06,-25.851E-06,+1.989167273E+00
-155.000E-06,-302.791E-06,+2.014006390E+00
-150.000E-06,+99.234E-06,+2.049973731E+00
-145.000E-06,-73.647E-06,+2.072848372E+00
-140.000E-06,+19.250E-06,+2.102888877E+00
-135.000E-06,-67.143E-06,+2.139055535E+00
-130.000E-06,+5.190E-06,+2.162812008E+00
-125.000E-06,-12.456E-06,+2.197461570E+00
-120.000E-06,+255.043E-06,+2.225813399E+00
-115.000E-06,+63.968E-06,+2.250023830E+00
-110.000E-06,-106.126E-06,+2.288730431E+00
-105.000E-06,+199.571E-06,+2.314016925E+00
-100.000E-06,+244.226E-06,+2.340991748E+00
-95.000E-06,+216.966E-06,+2.375827112E+00
-90.000E-06,-40.561E-06,+2.399318821E+00
-85.000E-06,-17.970E-06,+2.433567711E+00
-80.000E-06,+221.320E-06,+2.465424545E+00
-75.000E-06,+450.132E-06,+2.489609486E+00
-70.000E-06,+316.985E-06,+2.526757542E+00
-65.000E-06,+287.234E-06,+2.553125180E+00
-60.000E-06,+226.574E-06,+2.582072194E+00
-55.000E-06,+411.632E-06,+2.618943105E+00
-50.000E-06,+560.745E-06,+2.643125571E+00
-45.000E-06,+306.252E-06,+2.676758523E+00
-40.000E-06,+213.365E-06,+2.708640653E+00
-35.000E-06,+86.067E-06,+2.737612806E+00
-30.000E-06,+223.270E-06,+2.774370838E+00
-25.000E-06,+131.038E-06,+2.797459376E+00
-20.000E-06,+358.613E-06,+2.826808611E+00
-15.000E-06,+222.805E-06,+2.861115738E+00
-10.000E-06,-12.486E-06,+2.883402366E+00
-5.000E-06,+66.675E-06,+2.918605303E+00
-0.0E+00,+231.207E-06,-2.940172634E+00
+5.000E-06,+136.612E-06,-3.020654188E+00
+10.000E-06,+167.123E-06,-2.995832189E+00
+15.000E-06,-256.109E-06,-2.971345519E+00
+20.000E-06,+78.519E-06,-2.937388616E+00
+25.000E-06,+50.238E-06,-2.916046523E+00
+30.000E-06,+100.331E-06,-2.893555784E+00
+35.000E-06,-174.269E-06,-2.856118592E+00
+40.000E-06,-222.369E-06,-2.832302020E+00
+45.000E-06,+52.863E-06,-2.804485416E+00
+50.000E-06,+51.627E-06,-2.768745373E+00
+55.000E-06,-269.761E-06,-2.742313208E+00
+60.000E-06,-32.771E-06,-2.708480179E+00
+65.000E-06,+16.971E-06,-2.679273976E+00
+70.000E-06,-36.163E-06,-2.652953116E+00
+75.000E-06,+25.490E-06,-2.615038147E+00
+80.000E-06,-58.400E-06,-2.586421423E+00
+85.000E-06,-34.643E-06,-2.553580653E+00
+90.000E-06,-5.104E-06,-2.521321502E+00
+95.000E-06,+92.103E-06,-2.495064234E+00
+100.000E-06,+272.290E-06,-2.456871897E+00
+105.000E-06,+231.189E-06,-2.431347208E+00
+110.000E-06,+46.886E-06,-2.402449972E+00
+115.000E-06,+222.250E-06,-2.366810842E+00
+120.000E-06,+14.520E-06,-2.339234868E+00
+125.000E-06,-86.616E-06,-2.302224022E+00
+130.000E-06,+6.927E-06,-2.273030214E+00
+135.000E-06,+10.337E-06,-2.244108829E+00
+140.000E-06,+111.819E-06,-2.209587203E+00
+145.000E-06,+71.166E-06,-2.187213423E+00
+150.000E-06,+24.158E-06,-2.155427114E+00
+155.000E-06,+21.619E-06,-2.121397032E+00
+160.000E-06,+17.969E-06,-2.099148085E+00
+165.000E-06,+42.088E-06,-2.063743879E+00
+170.000E-06,+2.716E-06,-2.036045662E+00
+175.000E-06,+13.053E-06,-2.012086375E+00
+180.000E-06,-341.266E-06,-1.974661347E+00
+185.000E-06,-288.630E-06,-1.944184756E+00
+190.000E-06,+239.175E-06,-1.909133498E+00
+195.000E-06,+267.594E-06,-1.876120022E+00
+200.000E-06,+24.038E-06,-1.848330070E+00
+205.000E-06,+78.302E-06,-1.812450869E+00
+210.000E-06,-51.892E-06,-1.792466443E+00
+215.000E-06,-50.651E-06,-1.773882818E+00
+220.000E-06,+56.367E-06,-1.735740901E+00
+225.000E-06,-37.981E-06,-1.705554873E+00
+230.000E-06,-15.493E-06,-1.673215562E+00
+235.000E-06,-1.903E-06,-1.639826222E+00
+240.000E-06,+173.348E-06,-1.618055064E+00
+245.000E-06,+55.975E-06,-1.585527708E+00
+250.000E-06,+30.802E-06,-1.555995161E+00
+255.000E-06,+147.230E-06,-1.533280576E+00
+260.000E-06,+92.434E-06,-1.496494622E+00
+265.000E-06,-3.026E-06,-1.464775745E+00
+270.000E-06,+94.212E-06,-1.432085266E+00
+275.000E-06,+112.555E-06,-1.396761069E+00
+280.000E-06,+116.340E-06,-1.372877934E+00
+285.000E-06,+105.753E-06,-1.337311583E+00
+290.000E-06,+37.721E-06,-1.308922067E+00
+295.000E-06,+169.261E-06,-1.281910174E+00
+300.000E-06,-60.748E-06,-1.245064049E+00
+305.000E-06,-50.276E-06,-1.221182954E+00
+310.000E-06,-6.724E-06,-1.189924415E+00
+315.000E-06,+49.747E-06,-1.154900924E+00
+320.000E-06,+59.815E-06,-1.131622847E+00
+325.000E-06,+28.745E-06,-1.099962497E+00
+330.000E-06,+79.094E-06,-1.069599815E+00
+335.000E-06,-6.245E-06,-1.039133134E+00
+340.000E-06,+124.052E-06,-1.002639596E+00
+345.000E-06,+76.786E-06,-977.728357E-03
+350.000E-06,+111.254E-06,-946.696138E-03
+355.000E-06,-141.879E-06,-916.698612E-03
+360.000E-06,+49.787E-06,-897.188559E-03
+365.000E-06,-62.942E-06,-865.489470E-03
+370.000E-06,+59.781E-06,-828.292629E-03
+375.000E-06,+163.386E-06,-795.628064E-03
+380.000E-06,+29.751E-06,-762.287803E-03
+385.000E-06,-40.481E-06,-738.494868E-03
+390.000E-06,-57.467E-06,-706.394378E-03
+395.000E-06,-163.862E-06,-674.763705E-03
+400.000E-06,-88.375E-06,-650.465761E-03
+405.000E-06,-189.007E-06,-613.718691E-03
+410.000E-06,-196.879E-06,-584.977263E-03
+415.000E-06,-266.508E-06,-557.374458E-03
+420.000E-06,-631.820E-06,-520.327551E-03
+425.000E-06,-531.588E-06,-494.813308E-03
+430.000E-06,-974.548E-06,-461.080472E-03
+435.000E-06,-877.412E-06,-430.228713E-03
+440.000E-06,-929.745E-06,-408.280843E-03
+445.000E-06,-1.185425E-03,-374.447500E-03
+450.000E-06,-1.556320E-03,-347.264300E-03
+455.000E-06,-1.864078E-03,-323.618765E-03
+460.000E-06,-2.206617E-03,-285.854520E-03
+465.000E-06,-2.332763E-03,-257.778312E-03
+470.000E-06,-2.797556E-03,-225.351574E-03
+475.000E-06,-2.975998E-03,-191.484124E-03
+480.000E-06,-3.150040E-03,-169.034371E-03
+485.000E-06,-3.492709E-03,-135.326643E-03
+490.000E-06,-3.407683E-03,-106.736427E-03
+495.000E-06,-3.622955E-03,-84.209390E-03
+500.000E-06,-3.888208E-03,-49.711473E-03
+505.000E-06,-3.875727E-03,-22.351784E-03
+510.000E-06,-3.867061E-03,+2.009217E-03
+515.000E-06,-3.797304E-03,+37.926520E-03
+520.000E-06,-4.146974E-03,+64.784543E-03
+525.000E-06,-4.315211E-03,+98.091126E-03
+530.000E-06,-4.110598E-03,+131.731146E-03
+535.000E-06,-4.022836E-03,+154.822670E-03
+540.000E-06,-3.902773E-03,+190.741256E-03
+545.000E-06,-3.980052E-03,+220.764247E-03
+550.000E-06,-4.085422E-03,+248.781682E-03
+555.000E-06,-4.011327E-03,+284.069132E-03
+560.000E-06,-3.780239E-03,+310.237907E-03
+565.000E-06,-3.683014E-03,+345.817305E-03
+570.000E-06,-3.836256E-03,+375.990181E-03
+575.000E-06,-3.665556E-03,+400.414016E-03
+580.000E-06,-3.563263E-03,+437.022491E-03
+585.000E-06,-3.460189E-03,+459.996651E-03
+590.000E-06,-3.253295E-03,+483.416975E-03
+595.000E-06,-3.044154E-03,+521.507864E-03
+600.000E-06,-3.163705E-03,+547.083166E-03
+605.000E-06,-2.749013E-03,+580.352529E-03
+610.000E-06,-2.494020E-03,+613.640961E-03
+615.000E-06,-2.567516E-03,+638.303502E-03
+620.000E-06,-2.541003E-03,+675.941915E-03
+625.000E-06,-2.486670E-03,+701.856183E-03
+630.000E-06,-2.182615E-03,+725.677671E-03
+635.000E-06,-1.994968E-03,+761.230875E-03
+640.000E-06,-2.121779E-03,+784.393879E-03
+645.000E-06,-1.984588E-03,+813.430685E-03
+650.000E-06,-1.862422E-03,+850.664691E-03
+655.000E-06,-1.562499E-03,+877.788902E-03
+660.000E-06,-1.487659E-03,+915.478005E-03
+665.000E-06,-1.557412E-03,+941.655417E-03
+670.000E-06,-1.285396E-03,+964.421209E-03
+675.000E-06,-1.122383E-03,+999.220646E-03
+680.000E-06,-1.054653E-03,+1.024042360E+00
+685.000E-06,-1.246669E-03,+1.050339844E+00
+690.000E-06,-910.529E-06,+1.089296697E+00
+695.000E-06,-793.561E-06,+1.115864856E+00
+700.000E-06,-767.970E-06,+1.146080407E+00
+705.000E-06,-898.625E-06,+1.176354813E+00
+710.000E-06,-635.461E-06,+1.204183653E+00
+715.000E-06,-622.457E-06,+1.244723639E+00
+720.000E-06,-469.885E-06,+1.274747445E+00
+725.000E-06,-590.443E-06,+1.309146423E+00
+730.000E-06,-729.370E-06,+1.338640820E+00
+735.000E-06,-762.776E-06,+1.357673708E+00
+740.000E-06,-273.750E-06,+1.390063526E+00
+745.000E-06,-413.759E-06,+1.424169798E+00
+750.000E-06,-662.631E-06,+1.453115414E+00
+755.000E-06,-624.921E-06,+1.485828098E+00
+760.000E-06,-507.206E-06,+1.509620961E+00
+765.000E-06,-407.560E-06,+1.538567913E+00
+770.000E-06,-442.825E-06,+1.572863064E+00
+775.000E-06,-546.139E-06,+1.598403270E+00
+780.000E-06,-652.267E-06,+1.633769157E+00
+785.000E-06,-489.466E-06,+1.663138566E+00
+790.000E-06,-67.579E-06,+1.685789993E+00
+795.000E-06,-205.842E-06,+1.719660686E+00
+800.000E-06,-441.213E-06,+1.748151586E+00
+805.000E-06,-106.129E-06,+1.776985265E+00
+810.000E-06,-104.845E-06,+1.810790233E+00
+815.000E-06,+19.790E-06,+1.834545621E+00
+820.000E-06,-56.104E-06,+1.866608621E+00
+825.000E-06,-131.356E-06,+1.899345522E+00
+830.000E-06,+104.704E-06,+1.926972504E+00
+835.000E-06,+144.018E-06,+1.964371782E+00
+840.000E-06,+266.747E-06,+1.989167852E+00
+845.000E-06,+26.160E-06,+2.014019807E+00
+850.000E-06,+88.481E-06,+2.050037400E+00
+855.000E-06,+117.758E-06,+2.072736151E+00
+860.000E-06,+162.559E-06,+2.103204144E+00
+865.000E-06,+403.286E-06,+2.138955655E+00
+870.000E-06,+163.210E-06,+2.163126966E+00
+875.000E-06,+209.351E-06,+2.197462728E+00
+880.000E-06,+548.146E-06,+2.225814055E+00
+885.000E-06,+303.485E-06,+2.250439217E+00
+890.000E-06,+459.589E-06,+2.289045659E+00
+895.000E-06,+254.523E-06,+2.314331652E+00
+900.000E-06,+411.270E-06,+2.341055948E+00
+905.000E-06,+380.443E-06,+2.376129279E+00
+910.000E-06,+455.978E-06,+2.399596164E+00
+915.000E-06,+425.659E-06,+2.433795343E+00
+920.000E-06,+462.298E-06,+2.465563279E+00
+925.000E-06,+443.830E-06,+2.489672923E+00
+930.000E-06,+425.432E-06,+2.526834190E+00
+935.000E-06,+340.631E-06,+2.553439945E+00
+940.000E-06,+266.904E-06,+2.582387422E+00
+945.000E-06,+332.950E-06,+2.619258140E+00
+950.000E-06,+446.257E-06,+2.643315015E+00
+955.000E-06,+453.928E-06,+2.676759758E+00
+960.000E-06,-8.556E-06,+2.708415525E+00
+965.000E-06,-92.714E-06,+2.737576122E+00
+970.000E-06,+276.478E-06,+2.774384251E+00
+975.000E-06,+288.486E-06,+2.797208583E+00
+980.000E-06,+194.654E-06,+2.827011043E+00
+985.000E-06,+93.607E-06,+2.860953463E+00
+990.000E-06,-217.618E-06,+2.883503949E+00
+995.000E-06,+45.919E-06,+2.918606538E+00
+1.000000E-03,+300.945E-06,-2.969372802E+00
+1.005000E-03,+202.890E-06,-3.020917158E+00
+1.010000E-03,-25.245E-06,-2.996145603E+00
+1.015000E-03,+114.136E-06,-2.971495037E+00
+1.020000E-03,+116.872E-06,-2.937387689E+00
+1.025000E-03,+40.852E-06,-2.915794998E+00
+1.030000E-03,-55.821E-06,-2.893554626E+00
+1.035000E-03,+202.808E-06,-2.856356594E+00
+1.040000E-03,-7.701E-06,-2.832301364E+00
+1.045000E-03,+114.490E-06,-2.804798328E+00
+1.050000E-03,+141.252E-06,-2.768618586E+00
+1.055000E-03,+105.939E-06,-2.742312282E+00
+1.060000E-03,+812E-09,-2.708843772E+00
+1.065000E-03,+418.880E-06,-2.679008956E+00
+1.070000E-03,+180.714E-06,-2.652713108E+00
+1.075000E-03,+95.906E-06,-2.615036989E+00
+1.080000E-03,+221.608E-06,-2.586420535E+00
+1.085000E-03,+214.250E-06,-2.553579457E+00
+1.090000E-03,+271.408E-06,-2.521320730E+00
+1.095000E-03,+210.959E-06,-2.495075596E+00
+1.100000E-03,+11.275E-06,-2.457122153E+00
+1.105000E-03,+53.921E-06,-2.431346552E+00
+1.110000E-03,-74.820E-06,-2.402448775E+00
+1.115000E-03,+157.276E-06,-2.367023286E+00
+1.120000E-03,-171.369E-06,-2.339183377E+00
+1.125000E-03,-283.717E-06,-2.302223100E+00
+1.130000E-03,-116.074E-06,-2.273029481E+00
+1.135000E-03,-255.585E-06,-2.244421819E+00
+1.140000E-03,-228.981E-06,-2.209586315E+00
+1.145000E-03,-183.231E-06,-2.187325953E+00
+1.150000E-03,-271.770E-06,-2.155676898E+00
+1.155000E-03,-278.479E-06,-2.121409099E+00
+1.160000E-03,-128.145E-06,-2.099184764E+00
+1.165000E-03,-263.562E-06,-2.064144455E+00
+1.170000E-03,-320.877E-06,-2.036182959E+00
+1.175000E-03,-87.204E-06,-2.012399404E+00
+1.180000E-03,-215.551E-06,-1.974974299E+00
+1.185000E-03,-176.964E-06,-1.943920449E+00
+1.190000E-03,-404.094E-06,-1.909157227E+00
+1.195000E-03,-45.029E-06,-1.876194310E+00
+1.200000E-03,+22.712E-06,-1.848329027E+00
+1.205000E-03,-89.003E-06,-1.812588296E+00
+1.210000E-03,-152.268E-06,-1.792466018E+00
+1.215000E-03,-160.691E-06,-1.774195847E+00
+1.220000E-03,-24.818E-06,-1.735751951E+00
+1.225000E-03,-43.294E-06,-1.705616636E+00
+1.230000E-03,-225.183E-06,-1.673616741E+00
+1.235000E-03,-453.757E-06,-1.639825412E+00
+1.240000E-03,-382.047E-06,-1.618166876E+00
+1.245000E-03,-230.105E-06,-1.585262934E+00
+1.250000E-03,-195.279E-06,-1.555680637E+00
+1.255000E-03,-462.493E-06,-1.533593758E+00
+1.260000E-03,-125.667E-06,-1.496593609E+00
+1.265000E-03,-205.674E-06,-1.465088967E+00
+1.270000E-03,-106.327E-06,-1.432284794E+00
+1.275000E-03,-100.898E-06,-1.397011312E+00
+1.280000E-03,-347.238E-06,-1.372876930E+00
+1.285000E-03,-211.821E-06,-1.337587011E+00
+1.290000E-03,-268.982E-06,-1.309147707E+00
+1.295000E-03,-284.367E-06,-1.282223164E+00
+1.300000E-03,-190.094E-06,-1.245691225E+00
+1.305000E-03,-291.638E-06,-1.220943693E+00
+1.310000E-03,-373.689E-06,-1.189948549E+00
+1.315000E-03,-425.203E-06,-1.154924880E+00
+1.320000E-03,-397.259E-06,-1.131697208E+00
+1.325000E-03,-340.260E-06,-1.100150025E+00
+1.330000E-03,-391.824E-06,-1.069460531E+00
+1.335000E-03,-478.465E-06,-1.039357824E+00
+1.340000E-03,-462.695E-06,-1.002638670E+00
+1.345000E-03,-650.481E-06,-977.727585E-03
+1.350000E-03,-274.825E-06,-946.946481E-03
+1.355000E-03,-573.435E-06,-916.697917E-03
+1.360000E-03,-446.269E-06,-897.350935E-03
+1.365000E-03,-509.609E-06,-865.488196E-03
+1.370000E-03,-609.069E-06,-828.555238E-03
+1.375000E-03,-404.549E-06,-795.627359E-03
+1.380000E-03,-371.342E-06,-762.336882E-03
+1.385000E-03,-440.817E-06,-738.594391E-03
+1.390000E-03,-511.910E-06,-706.393182E-03
+1.395000E-03,-541.052E-06,-674.649660E-03
+1.400000E-03,-451.758E-06,-650.401696E-03
+1.405000E-03,-728.167E-06,-613.730343E-03
+1.410000E-03,-1.072617E-03,-585.253159E-03
+1.415000E-03,-772.770E-06,-557.687371E-03
+1.420000E-03,-896.580E-06,-520.150421E-03
+1.425000E-03,-844.564E-06,-494.938335E-03
+1.430000E-03,-1.195454E-03,-461.317760E-03
+1.435000E-03,-1.549765E-03,-430.253392E-03
+1.440000E-03,-1.540412E-03,-408.594103E-03
+1.445000E-03,-1.545387E-03,-374.760451E-03
+1.450000E-03,-1.974829E-03,-347.263682E-03
+1.455000E-03,-2.391831E-03,-323.756163E-03
+1.460000E-03,-2.612306E-03,-285.853400E-03
+1.465000E-03,-2.944007E-03,-258.015696E-03
+1.470000E-03,-3.238903E-03,-225.350378E-03
+1.475000E-03,-3.582874E-03,-191.231768E-03
+1.480000E-03,-3.872358E-03,-169.347592E-03
+1.485000E-03,-4.123183E-03,-135.174481E-03
+1.490000E-03,-4.143063E-03,-106.522454E-03
+1.495000E-03,-4.128065E-03,-84.157885E-03
+1.500000E-03,-4.476718E-03,-49.710393E-03
+1.505000E-03,-4.738340E-03,-22.565159E-03
+1.510000E-03,-4.711942E-03,+1.909969E-03
+1.515000E-03,-4.640337E-03,+38.241632E-03
+1.520000E-03,-4.697992E-03,+64.785354E-03
+1.525000E-03,-4.966747E-03,+98.092399E-03
+1.530000E-03,-5.027332E-03,+131.731841E-03
+1.535000E-03,-4.898353E-03,+154.546924E-03
+1.540000E-03,-4.994651E-03,+190.654727E-03
+1.545000E-03,-4.900098E-03,+220.765019E-03
+1.550000E-03,-4.767251E-03,+248.656998E-03
+1.555000E-03,-4.939768E-03,+283.831618E-03
+1.560000E-03,-4.603587E-03,+310.188153E-03
+1.565000E-03,-4.544111E-03,+345.818578E-03
+1.570000E-03,-4.277818E-03,+375.676843E-03
+1.575000E-03,-4.211299E-03,+400.100987E-03
+1.580000E-03,-3.926540E-03,+436.709540E-03
+1.585000E-03,-3.917949E-03,+459.997191E-03
+1.590000E-03,-3.818796E-03,+483.418094E-03
+1.595000E-03,-3.734310E-03,+521.509060E-03
+1.600000E-03,-3.488730E-03,+547.083899E-03
+1.605000E-03,-3.350870E-03,+580.039732E-03
+1.610000E-03,-3.131637E-03,+613.792703E-03
+1.615000E-03,-3.147599E-03,+638.203786E-03
+1.620000E-03,-3.144564E-03,+676.257066E-03
+1.625000E-03,-2.899449E-03,+701.856506E-03
+1.630000E-03,-2.842248E-03,+725.364604E-03
+1.635000E-03,-2.692680E-03,+761.332202E-03
+1.640000E-03,-2.573850E-03,+784.407534E-03
+1.645000E-03,-2.300902E-03,+813.431997E-03
+1.650000E-03,-2.188884E-03,+850.665617E-03
+1.655000E-03,-2.263731E-03,+877.802841E-03
+1.660000E-03,-2.115795E-03,+915.479240E-03
+1.665000E-03,-2.026070E-03,+941.970105E-03
+1.670000E-03,-1.837211E-03,+964.422174E-03
+1.675000E-03,-1.898038E-03,+998.719433E-03
+1.680000E-03,-1.755044E-03,+1.023967343E+00
+1.685000E-03,-1.724964E-03,+1.050315695E+00
+1.690000E-03,-1.538392E-03,+1.089297854E+00
+1.695000E-03,-1.477181E-03,+1.115551557E+00
+1.700000E-03,-1.176243E-03,+1.146332265E+00
+1.705000E-03,-1.208935E-03,+1.176494034E+00
+1.710000E-03,-1.187132E-03,+1.203958939E+00
+1.715000E-03,-998.335E-06,+1.244448635E+00
+1.720000E-03,-1.187009E-03,+1.274760636E+00
+1.725000E-03,-1.231048E-03,+1.308896142E+00
+1.730000E-03,-1.071409E-03,+1.338754320E+00
+1.735000E-03,-655.901E-06,+1.357825455E+00
+1.740000E-03,-577.303E-06,+1.390165524E+00
+1.745000E-03,-606.962E-06,+1.423856654E+00
+1.750000E-03,-736.745E-06,+1.453117015E+00
+1.755000E-03,-689.962E-06,+1.486093104E+00
+1.760000E-03,-658.378E-06,+1.509721936E+00
+1.765000E-03,-322.160E-06,+1.538569032E+00
+1.770000E-03,-227.182E-06,+1.573064696E+00
+1.775000E-03,-497.634E-06,+1.598216238E+00
+1.780000E-03,-570.377E-06,+1.633783139E+00
+1.785000E-03,-399.379E-06,+1.663490796E+00
+1.790000E-03,-268.776E-06,+1.686017235E+00
+1.795000E-03,-130.524E-06,+1.719975837E+00
+1.800000E-03,-300.865E-06,+1.748466467E+00
+1.805000E-03,-247.615E-06,+1.777149214E+00
+1.810000E-03,-173.302E-06,+1.810791121E+00
+1.815000E-03,-79.361E-06,+1.834546354E+00
+1.820000E-03,+97.069E-06,+1.866534704E+00
+1.825000E-03,-216.279E-06,+1.899283069E+00
+1.830000E-03,-248.092E-06,+1.926973623E+00
+1.835000E-03,-73.656E-06,+1.964146995E+00
+1.840000E-03,+267.274E-06,+1.988892313E+00
+1.845000E-03,+353.195E-06,+2.014033148E+00
+1.850000E-03,+65.075E-06,+2.050038442E+00
+1.855000E-03,-314.047E-06,+2.072535537E+00
+1.860000E-03,-203.439E-06,+2.102891270E+00
+1.865000E-03,+103.725E-06,+2.138956465E+00
+1.870000E-03,+282.678E-06,+2.162864300E+00
+1.875000E-03,+121.182E-06,+2.197463620E+00
+1.880000E-03,-167.446E-06,+2.225500641E+00
+1.885000E-03,+1.119E-06,+2.250025914E+00
+1.890000E-03,-2.723E-06,+2.288896329E+00
+1.895000E-03,+100.876E-06,+2.314131569E+00
+1.900000E-03,-114.388E-06,+2.340994064E+00
+1.905000E-03,-116.660E-06,+2.376130128E+00
+1.910000E-03,-59.942E-06,+2.399596936E+00
+1.915000E-03,+83.488E-06,+2.433482585E+00
+1.920000E-03,-87.439E-06,+2.465564012E+00
+1.925000E-03,-227.332E-06,+2.489485752E+00
+1.930000E-03,-253.633E-06,+2.526596844E+00
+1.935000E-03,+59.065E-06,+2.553415246E+00
+1.940000E-03,-11.207E-06,+2.582074510E+00
+1.945000E-03,-207.660E-06,+2.618945034E+00
+1.950000E-03,-226.337E-06,+2.643127115E+00
+1.955000E-03,-211.561E-06,+2.676622533E+00
+1.960000E-03,+298.026E-06,+2.708730405E+00
+1.965000E-03,-40.564E-06,+2.737577318E+00
+1.970000E-03,-146.227E-06,+2.774385293E+00
+1.975000E-03,-142.961E-06,+2.797460765E+00
+1.980000E-03,+43.167E-06,+2.827213552E+00
+1.985000E-03,+183.298E-06,+2.861268382E+00
+1.990000E-03,+121.774E-06,+2.883818907E+00
+1.995000E-03,+99.462E-06,+2.918607773E+00
+2.000000E-03,+105.527E-06,-2.994486118E+00
+2.005000E-03,+7.117E-06,-3.020866135E+00
+2.010000E-03,+67.193E-06,-2.995830877E+00
+2.015000E-03,+148.054E-06,-2.971029442E+00
+2.020000E-03,-215.211E-06,-2.937386763E+00
+2.025000E-03,-244.945E-06,-2.915731450E+00
+2.030000E-03,-216.363E-06,-2.892938162E+00
+2.035000E-03,-114.123E-06,-2.856041443E+00
+2.040000E-03,-14.912E-06,-2.832213040E+00
+2.045000E-03,+27.750E-06,-2.804444868E+00
+2.050000E-03,-118.797E-06,-2.768491721E+00
+2.055000E-03,+17.770E-06,-2.742072935E+00
+2.060000E-03,-27.129E-06,-2.708503184E+00
+2.065000E-03,-375E-09,-2.678983292E+00
+2.070000E-03,-124.719E-06,-2.652950955E+00
+2.075000E-03,-145.214E-06,-2.614910476E+00
+2.080000E-03,-40.551E-06,-2.586244042E+00
+2.085000E-03,-176.536E-06,-2.553490047E+00
+2.090000E-03,+22.138E-06,-2.521319958E+00
+2.095000E-03,-25.923E-06,-2.494760523E+00
+2.100000E-03,-164.070E-06,-2.457120957E+00
+2.105000E-03,-218.523E-06,-2.431031825E+00
+2.110000E-03,-79.780E-06,-2.402284537E+00
+2.115000E-03,-3.156E-06,-2.367022360E+00
+2.120000E-03,-46.368E-06,-2.339131809E+00
+2.125000E-03,-103.546E-06,-2.301908186E+00
+2.130000E-03,-168.652E-06,-2.272714677E+00
+2.135000E-03,-178.184E-06,-2.244106668E+00
+2.140000E-03,-151.637E-06,-2.209421836E+00
+2.145000E-03,-143.863E-06,-2.187325220E+00
+2.150000E-03,-347.814E-06,-2.155361555E+00
+2.155000E-03,-116.910E-06,-2.121696797E+00
+2.160000E-03,-179.790E-06,-2.098869883E+00
+2.165000E-03,-475.858E-06,-2.064055557E+00
+2.170000E-03,-338.459E-06,-2.036220506E+00
+2.175000E-03,-429.414E-06,-2.012398362E+00
+2.180000E-03,-380.536E-06,-1.974973179E+00
+2.185000E-03,-385.057E-06,-1.943894159E+00
+2.190000E-03,-331.659E-06,-1.908891657E+00
+2.195000E-03,-398.152E-06,-1.876118324E+00
+2.200000E-03,-502.460E-06,-1.848013915E+00
+2.205000E-03,-452.438E-06,-1.812273260E+00
+2.210000E-03,-417.179E-06,-1.792465594E+00
+2.215000E-03,-487.458E-06,-1.774156838E+00
+2.220000E-03,-384.152E-06,-1.735738354E+00
+2.225000E-03,-543.974E-06,-1.705553252E+00
+2.230000E-03,-469.273E-06,-1.673615506E+00
+2.235000E-03,-394.316E-06,-1.639661564E+00
+2.240000E-03,-409.583E-06,-1.617952738E+00
+2.245000E-03,-513.444E-06,-1.585211245E+00
+2.250000E-03,-343.500E-06,-1.555679981E+00
+2.255000E-03,-190.865E-06,-1.533278800E+00
+2.260000E-03,-231.417E-06,-1.496492075E+00
+2.265000E-03,-342.265E-06,-1.465088118E+00
+2.270000E-03,-366.677E-06,-1.432283520E+00
+2.275000E-03,-157.758E-06,-1.396759526E+00
+2.280000E-03,-127.541E-06,-1.372273474E+00
+2.285000E-03,-55.363E-06,-1.337585853E+00
+2.290000E-03,-155.262E-06,-1.308920600E+00
+2.295000E-03,-265.246E-06,-1.281908013E+00
+2.300000E-03,-137.854E-06,-1.245438441E+00
+2.305000E-03,+49.035E-06,-1.220867263E+00
+2.310000E-03,-130.471E-06,-1.189607874E+00
+2.315000E-03,-285.371E-06,-1.154899072E+00
+2.320000E-03,-135.697E-06,-1.131546209E+00
+2.325000E-03,-158.085E-06,-1.099834836E+00
+2.330000E-03,-19.097E-06,-1.069284047E+00
+2.335000E-03,-171.434E-06,-1.039042518E+00
+2.340000E-03,-276.588E-06,-1.002085546E+00
+2.345000E-03,-294.851E-06,-977.412743E-03
+2.350000E-03,-232.378E-06,-946.693822E-03
+2.355000E-03,-198.821E-06,-916.495934E-03
+2.360000E-03,-387.006E-06,-897.187169E-03
+2.365000E-03,-540.668E-06,-865.273639E-03
+2.370000E-03,-456.193E-06,-827.976629E-03
+2.375000E-03,-344.199E-06,-795.625671E-03
+2.380000E-03,-384.345E-06,-762.021847E-03
+2.385000E-03,-510.451E-06,-738.279548E-03
+2.390000E-03,-383.267E-06,-706.228384E-03
+2.395000E-03,-351.228E-06,-674.448168E-03
+2.400000E-03,-433.859E-06,-650.400654E-03
+2.405000E-03,-621.117E-06,-613.415153E-03
+2.410000E-03,-600.680E-06,-585.289867E-03
+2.415000E-03,-672.106E-06,-557.233380E-03
+2.420000E-03,-780.421E-06,-520.149379E-03
+2.425000E-03,-910.645E-06,-494.811610E-03
+2.430000E-03,-1.045169E-03,-461.078157E-03
+2.435000E-03,-1.231879E-03,-430.252736E-03
+2.440000E-03,-1.438536E-03,-408.279222E-03
+2.445000E-03,-1.597495E-03,-374.131191E-03
+2.450000E-03,-1.893041E-03,-347.263065E-03
+2.455000E-03,-2.258948E-03,-323.616681E-03
+2.460000E-03,-2.485308E-03,-285.852281E-03
+2.465000E-03,-2.787211E-03,-257.462621E-03
+2.470000E-03,-3.158031E-03,-225.336907E-03
+2.475000E-03,-3.444745E-03,-191.419900E-03
+2.480000E-03,-3.581825E-03,-169.032673E-03
+2.485000E-03,-3.710758E-03,-134.696187E-03
+2.490000E-03,-4.012360E-03,-106.634324E-03
+2.495000E-03,-4.080390E-03,-84.156843E-03
+2.500000E-03,-4.309631E-03,-49.709312E-03
+2.505000E-03,-4.206866E-03,-22.036324E-03
+2.510000E-03,-4.358250E-03,+2.124869E-03
+2.515000E-03,-4.504632E-03,+38.242674E-03
+2.520000E-03,-4.608347E-03,+64.986879E-03
+2.525000E-03,-4.462317E-03,+98.344639E-03
+2.530000E-03,-4.361126E-03,+132.033753E-03
+2.535000E-03,-4.518214E-03,+154.824445E-03
+2.540000E-03,-4.449920E-03,+191.057642E-03
+2.545000E-03,-4.343608E-03,+220.903691E-03
+2.550000E-03,-4.227694E-03,+248.972226E-03
+2.555000E-03,-4.096901E-03,+284.146653E-03
+2.560000E-03,-4.236811E-03,+310.528567E-03
+2.565000E-03,-3.964869E-03,+346.133922E-03
+2.570000E-03,-3.988263E-03,+375.752661E-03
+2.575000E-03,-3.665942E-03,+400.416100E-03
+2.580000E-03,-3.517327E-03,+437.200317E-03
+2.585000E-03,-3.597518E-03,+460.311802E-03
+2.590000E-03,-3.268863E-03,+483.733283E-03
+2.595000E-03,-3.102869E-03,+521.824327E-03
+2.600000E-03,-2.943538E-03,+547.336182E-03
+2.605000E-03,-2.885770E-03,+580.669146E-03
+2.610000E-03,-2.393301E-03,+613.944523E-03
+2.615000E-03,-2.597194E-03,+638.204790E-03
+2.620000E-03,-2.406204E-03,+676.572217E-03
+2.625000E-03,-2.170777E-03,+702.171117E-03
+2.630000E-03,-2.284513E-03,+725.679678E-03
+2.635000E-03,-2.239271E-03,+761.533660E-03
+2.640000E-03,-2.097248E-03,+784.408190E-03
+2.645000E-03,-1.893808E-03,+813.834729E-03
+2.650000E-03,-1.782915E-03,+851.043723E-03
+2.655000E-03,-1.894659E-03,+878.105211E-03
+2.660000E-03,-1.848361E-03,+915.794545E-03
+2.665000E-03,-1.621417E-03,+941.883079E-03
+2.670000E-03,-1.410526E-03,+964.599314E-03
+2.675000E-03,-1.347163E-03,+999.410876E-03
+2.680000E-03,-1.060760E-03,+1.024043595E+00
+2.685000E-03,-1.018860E-03,+1.050970454E+00
+2.690000E-03,-878.307E-06,+1.089637911E+00
+2.695000E-03,-920.620E-06,+1.115866400E+00
+2.700000E-03,-899.481E-06,+1.146207976E+00
+2.705000E-03,-952.282E-06,+1.176494845E+00
+2.710000E-03,-598.923E-06,+1.204274206E+00
+2.715000E-03,-587.025E-06,+1.244763864E+00
+2.720000E-03,-589.648E-06,+1.275063291E+00
+2.725000E-03,-759.619E-06,+1.309525479E+00
+2.730000E-03,-499.863E-06,+1.338956280E+00
+2.735000E-03,-443.814E-06,+1.358140297E+00
+2.740000E-03,-383.421E-06,+1.390166797E+00
+2.745000E-03,-360.806E-06,+1.424435171E+00
+2.750000E-03,-297.645E-06,+1.453431645E+00
+2.755000E-03,-364.042E-06,+1.486094069E+00
+2.760000E-03,-278.201E-06,+1.509722631E+00
+2.765000E-03,-227.301E-06,+1.538884222E+00
+2.770000E-03,-208.201E-06,+1.572751474E+00
+2.775000E-03,-66.608E-06,+1.598217203E+00
+2.780000E-03,+161.634E-06,+1.634072680E+00
+2.785000E-03,-112.464E-06,+1.663214808E+00
+2.790000E-03,+352.440E-06,+1.686018123E+00
+2.795000E-03,+536.878E-06,+1.720290988E+00
+2.800000E-03,+418.911E-06,+1.748655419E+00
+2.805000E-03,+465.932E-06,+1.776749188E+00
+2.810000E-03,+276.415E-06,+1.811080652E+00
+2.815000E-03,+219.808E-06,+1.834861158E+00
+2.820000E-03,+462.227E-06,+1.867239155E+00
+2.825000E-03,+576.294E-06,+1.899786694E+00
+2.830000E-03,+413.631E-06,+1.926974742E+00
+2.835000E-03,+421.327E-06,+1.964462185E+00
+2.840000E-03,+423.951E-06,+1.989483080E+00
+2.845000E-03,+181.855E-06,+2.014021891E+00
+2.850000E-03,-24.270E-06,+2.050039484E+00
+2.855000E-03,+217.112E-06,+2.072850225E+00
+2.860000E-03,+315.507E-06,+2.103043523E+00
+2.865000E-03,+146.623E-06,+2.138957276E+00
+2.870000E-03,+64.301E-06,+2.162915781E+00
+2.875000E-03,+61.642E-06,+2.197778810E+00
+2.880000E-03,+440.225E-06,+2.225815367E+00
+2.885000E-03,+550.730E-06,+2.250341026E+00
+2.890000E-03,+361.789E-06,+2.288897525E+00
+2.895000E-03,+306.023E-06,+2.314332964E+00
+2.900000E-03,+170.963E-06,+2.341560243E+00
+2.905000E-03,+360.434E-06,+2.376143845E+00
+2.910000E-03,+554.470E-06,+2.399911778E+00
+2.915000E-03,+428.805E-06,+2.433885602E+00
+2.920000E-03,+392.406E-06,+2.465878816E+00
+2.925000E-03,+424.501E-06,+2.489800864E+00
+2.930000E-03,+320.915E-06,+2.527150421E+00
+2.935000E-03,+442.897E-06,+2.553441334E+00
+2.940000E-03,+449.397E-06,+2.582414557E+00
+2.945000E-03,+320.001E-06,+2.619499070E+00
+2.950000E-03,+349.650E-06,+2.643316636E+00
+2.955000E-03,+469.866E-06,+2.677113372E+00
+2.960000E-03,+555.328E-06,+2.708731216E+00
+2.965000E-03,+473.371E-06,+2.737654506E+00
+2.970000E-03,+305.689E-06,+2.774700406E+00
+2.975000E-03,+521.651E-06,+2.797523966E+00
+2.980000E-03,+582.641E-06,+2.827440341E+00
+2.985000E-03,+594.275E-06,+2.861269231E+00
+2.990000E-03,+650.135E-06,+2.883819795E+00
+2.995000E-03,+623.016E-06,+2.918659568E+00
+3.000000E-03,+501.278E-06,-3.015200521E+00
+3.005000E-03,+474.678E-06,-3.020650946E+00
+3.010000E-03,+599.243E-06,-2.995830220E+00
+3.015000E-03,+583.416E-06,-2.971028439E+00
+3.020000E-03,+566.640E-06,-2.937071767E+00
+3.025000E-03,+528.874E-06,-2.915730948E+00
+3.030000E-03,+547.590E-06,-2.892924170E+00
+3.035000E-03,+471.693E-06,-2.856077741E+00
+3.040000E-03,+408.250E-06,-2.832438863E+00
+3.045000E-03,+259.254E-06,-2.804305752E+00
+3.050000E-03,+466.417E-06,-2.768302586E+00
+3.055000E-03,+411.512E-06,-2.741996359E+00
+3.060000E-03,+357.944E-06,-2.708187956E+00
+3.065000E-03,+457.698E-06,-2.678982520E+00
+3.070000E-03,+475.536E-06,-2.652635804E+00
+3.075000E-03,+405.507E-06,-2.614909357E+00
+3.080000E-03,+384.590E-06,-2.586280257E+00
+3.085000E-03,+236.612E-06,-2.553351245E+00
+3.090000E-03,+151.503E-06,-2.521319186E+00
+3.095000E-03,+178.635E-06,-2.495073590E+00
+3.100000E-03,-94.590E-06,-2.457119761E+00
+3.105000E-03,+185.172E-06,-2.431345240E+00
+3.110000E-03,+192.275E-06,-2.402446382E+00
+3.115000E-03,+204.960E-06,-2.366808179E+00
+3.120000E-03,+34.099E-06,-2.339181293E+00
+3.125000E-03,+130.547E-06,-2.301906792E+00
+3.130000E-03,-58.494E-06,-2.273028014E+00
+3.135000E-03,-122.359E-06,-2.244005399E+00
+3.140000E-03,-138.952E-06,-2.209420909E+00
+3.145000E-03,-319.817E-06,-2.187211107E+00
+3.150000E-03,-205.614E-06,-2.155360281E+00
+3.155000E-03,-415.065E-06,-2.121394832E+00
+3.160000E-03,-193.162E-06,-2.098869073E+00
+3.165000E-03,-138.754E-06,-2.063827915E+00
+3.170000E-03,-279.781E-06,-2.035905818E+00
+3.175000E-03,-177.133E-06,-2.012083249E+00
+3.180000E-03,-114.182E-06,-1.974582297E+00
+3.185000E-03,-96.366E-06,-1.943893232E+00
+3.190000E-03,-203.285E-06,-1.908890383E+00
+3.195000E-03,-77.218E-06,-1.876042414E+00
+3.200000E-03,+72.362E-06,-1.848012873E+00
+3.205000E-03,-23.909E-06,-1.812272296E+00
+3.210000E-03,-77.205E-06,-1.792376913E+00
+3.215000E-03,-13.277E-06,-1.774117752E+00
+3.220000E-03,+5.635E-06,-1.735435256E+00
+3.225000E-03,-11.149E-06,-1.705300868E+00
+3.230000E-03,-54.198E-06,-1.673300200E+00
+3.235000E-03,-127.577E-06,-1.639509721E+00
+3.240000E-03,-14.421E-06,-1.617951928E+00
+3.245000E-03,-6.277E-06,-1.584946548E+00
+3.250000E-03,+23.836E-06,-1.555679325E+00
+3.255000E-03,-1.078E-06,-1.533013775E+00
+3.260000E-03,+149.883E-06,-1.496390617E+00
+3.265000E-03,+124.086E-06,-1.464936834E+00
+3.270000E-03,+94.771E-06,-1.431968176E+00
+3.275000E-03,+127.495E-06,-1.396695620E+00
+3.280000E-03,+114.534E-06,-1.372560853E+00
+3.285000E-03,+47.512E-06,-1.336993923E+00
+3.290000E-03,+374.654E-06,-1.308832247E+00
+3.295000E-03,+131.266E-06,-1.281906932E+00
+3.300000E-03,+37.763E-06,-1.245249277E+00
+3.305000E-03,+94.171E-06,-1.220866452E+00
+3.310000E-03,+299.463E-06,-1.189606639E+00
+3.315000E-03,+330.894E-06,-1.154608880E+00
+3.320000E-03,+332.750E-06,-1.131381516E+00
+3.325000E-03,+309.577E-06,-1.099644953E+00
+3.330000E-03,+44.983E-06,-1.069283198E+00
+3.335000E-03,+41.577E-06,-1.038953022E+00
+3.340000E-03,+275.516E-06,-1.002322747E+00
+3.345000E-03,+239.018E-06,-977.411971E-03
+3.350000E-03,+77.510E-06,-946.441086E-03
+3.355000E-03,-16.478E-06,-916.696528E-03
+3.360000E-03,+234.040E-06,-896.872404E-03
+3.365000E-03,+223.488E-06,-865.171579E-03
+3.370000E-03,+218.000E-06,-827.975665E-03
+3.375000E-03,+219.930E-06,-795.624475E-03
+3.380000E-03,-60.436E-06,-761.970954E-03
+3.385000E-03,-88.798E-06,-738.492668E-03
+3.390000E-03,+117.007E-06,-705.913078E-03
+3.395000E-03,-141.035E-06,-674.447435E-03
+3.400000E-03,-352.703E-06,-650.399612E-03
+3.405000E-03,-573.758E-06,-613.388260E-03
+3.410000E-03,-521.181E-06,-585.251770E-03
+3.415000E-03,-569.499E-06,-557.370985E-03
+3.420000E-03,-479.163E-06,-519.834266E-03
+3.425000E-03,-857.983E-06,-494.810761E-03
+3.430000E-03,-985.854E-06,-461.076999E-03
+3.435000E-03,-1.002657E-03,-430.252080E-03
+3.440000E-03,-955.125E-06,-408.253612E-03
+3.445000E-03,-1.210328E-03,-374.205123E-03
+3.450000E-03,-1.874466E-03,-347.262447E-03
+3.455000E-03,-2.280804E-03,-323.615639E-03
+3.460000E-03,-2.420447E-03,-285.625358E-03
+3.465000E-03,-2.341681E-03,-257.699850E-03
+3.470000E-03,-2.773317E-03,-225.033915E-03
+3.475000E-03,-3.204070E-03,-191.419089E-03
+3.480000E-03,-3.466693E-03,-169.031824E-03
+3.485000E-03,-3.584979E-03,-135.172089E-03
+3.490000E-03,-3.785318E-03,-106.734459E-03
+3.495000E-03,-3.903660E-03,-83.841730E-03
+3.500000E-03,-4.016928E-03,-49.707904E-03
+3.505000E-03,-4.048257E-03,-22.299777E-03
+3.510000E-03,-4.017428E-03,+2.226124E-03
+3.515000E-03,-4.103842E-03,+38.243716E-03
+3.520000E-03,-4.290817E-03,+65.101045E-03
+3.525000E-03,-4.328319E-03,+98.094946E-03
+3.530000E-03,-4.269867E-03,+131.733230E-03
+3.535000E-03,-4.235941E-03,+154.862692E-03
+3.540000E-03,-4.131133E-03,+191.285260E-03
+3.545000E-03,-4.130066E-03,+221.080633E-03
+3.550000E-03,-4.161441E-03,+249.161496E-03
+3.555000E-03,-3.876946E-03,+284.385981E-03
+3.560000E-03,-3.736541E-03,+310.529532E-03
+3.565000E-03,-3.933801E-03,+346.135196E-03
+3.570000E-03,-3.671520E-03,+376.067426E-03
+3.575000E-03,-3.627434E-03,+400.542439E-03
+3.580000E-03,-3.383799E-03,+437.025849E-03
+3.585000E-03,-3.187644E-03,+460.312342E-03
+3.590000E-03,-3.057822E-03,+483.772422E-03
+3.595000E-03,-3.071383E-03,+521.825523E-03
+3.600000E-03,-2.765703E-03,+547.399436E-03
+3.605000E-03,-2.493022E-03,+580.469083E-03
+3.610000E-03,-2.380162E-03,+613.957231E-03
+3.615000E-03,-2.437579E-03,+638.306628E-03
+3.620000E-03,-2.573303E-03,+676.573297E-03
+3.625000E-03,-2.358546E-03,+702.171990E-03
+3.630000E-03,-2.097199E-03,+725.416530E-03
+3.635000E-03,-1.803452E-03,+761.434455E-03
+3.640000E-03,-1.869109E-03,+784.722916E-03
+3.645000E-03,-1.993045E-03,+813.635293E-03
+3.650000E-03,-1.894449E-03,+850.918392E-03
+3.655000E-03,-1.708786E-03,+878.407504E-03
+3.660000E-03,-1.598793E-03,+915.481710E-03
+3.665000E-03,-1.604037E-03,+941.971340E-03
+3.670000E-03,-1.522138E-03,+964.600317E-03
+3.675000E-03,-1.434527E-03,+999.035665E-03
+3.680000E-03,-1.091792E-03,+1.024119925E+00
+3.685000E-03,-1.210856E-03,+1.050946228E+00
+3.690000E-03,-1.199437E-03,+1.089324960E+00
+3.695000E-03,-940.525E-06,+1.115942213E+00
+3.700000E-03,-840.062E-06,+1.146523127E+00
+3.705000E-03,-865.656E-06,+1.176495655E+00
+3.710000E-03,-881.432E-06,+1.204187127E+00
+3.715000E-03,-812.056E-06,+1.244765021E+00
+3.720000E-03,-860.481E-06,+1.274737882E+00
+3.725000E-03,-596.411E-06,+1.309589153E+00
+3.730000E-03,-589.474E-06,+1.338956975E+00
+3.735000E-03,-649.415E-06,+1.357826999E+00
+3.740000E-03,-491.189E-06,+1.390268910E+00
+3.745000E-03,-556.225E-06,+1.424172577E+00
+3.750000E-03,-526.882E-06,+1.453746796E+00
+3.755000E-03,-382.730E-06,+1.486095034E+00
+3.760000E-03,-509.927E-06,+1.509723325E+00
+3.765000E-03,-267.046E-06,+1.538734925E+00
+3.770000E-03,-391.969E-06,+1.572865727E+00
+3.775000E-03,-262.536E-06,+1.598469085E+00
+3.780000E-03,-309.903E-06,+1.634086700E+00
+3.785000E-03,-561.593E-06,+1.663492185E+00
+3.790000E-03,-249.668E-06,+1.686019010E+00
+3.795000E-03,-410.184E-06,+1.719977998E+00
+3.800000E-03,-460.741E-06,+1.748468088E+00
+3.805000E-03,-392.188E-06,+1.776913021E+00
+3.810000E-03,-586.179E-06,+1.810792896E+00
+3.815000E-03,-436.940E-06,+1.834547821E+00
+3.820000E-03,-468.397E-06,+1.866851244E+00
+3.825000E-03,-430.780E-06,+1.899598760E+00
+3.830000E-03,-476.967E-06,+1.926975862E+00
+3.835000E-03,-382.695E-06,+1.964375023E+00
+3.840000E-03,-207.384E-06,+1.989445629E+00
+3.845000E-03,-191.254E-06,+2.014022933E+00
+3.850000E-03,-341.771E-06,+2.050292124E+00
+3.855000E-03,-238.102E-06,+2.072850842E+00
+3.860000E-03,-395.720E-06,+2.103207733E+00
+3.865000E-03,-293.601E-06,+2.139058931E+00
+3.870000E-03,+8.240E-06,+2.162866152E+00
+3.875000E-03,+50.320E-06,+2.198093657E+00
+3.880000E-03,-44.065E-06,+2.225865932E+00
+3.885000E-03,-35.445E-06,+2.250342068E+00
+3.890000E-03,+259.583E-06,+2.289049132E+00
+3.895000E-03,+38.064E-06,+2.314333620E+00
+3.900000E-03,-18.409E-06,+2.341059537E+00
+3.905000E-03,+96.142E-06,+2.376131827E+00
+3.910000E-03,+283.086E-06,+2.399598479E+00
+3.915000E-03,+166.507E-06,+2.433886875E+00
+3.920000E-03,-1.792E-06,+2.465565479E+00
+3.925000E-03,-18.178E-06,+2.489613808E+00
+3.930000E-03,+51.020E-06,+2.527075780E+00
+3.935000E-03,+181.577E-06,+2.553442029E+00
+3.940000E-03,+334.520E-06,+2.582415676E+00
+3.945000E-03,+33.949E-06,+2.619261034E+00
+3.950000E-03,+71.994E-06,+2.643317446E+00
+3.955000E-03,+113.958E-06,+2.676624926E+00
+3.960000E-03,+268.076E-06,+2.708643741E+00
+3.965000E-03,+297.831E-06,+2.737579711E+00
+3.970000E-03,+103.749E-06,+2.774387377E+00
+3.975000E-03,-11.535E-06,+2.797524622E+00
+3.980000E-03,-72.225E-06,+2.827216100E+00
+3.985000E-03,+214.100E-06,+2.861118980E+00
+3.990000E-03,+83.738E-06,+2.883506612E+00
+3.995000E-03,+74.788E-06,+2.918397369E+00
+4.000000E-03,+20.765E-06,-3.031832047E+00
+4.005000E-03,-39.169E-06,-3.020914032E+00
+4.010000E-03,-146.786E-06,-2.995829564E+00
+4.015000E-03,-23.185E-06,-2.971341506E+00
+4.020000E-03,-189.967E-06,-2.937384911E+00
+4.025000E-03,-6.541E-06,-2.915730446E+00
+4.030000E-03,-89.710E-06,-2.892935923E+00
+4.035000E-03,-157.742E-06,-2.856353352E+00
+4.040000E-03,-125.070E-06,-2.832211805E+00
+4.045000E-03,-252.736E-06,-2.804480784E+00
+4.050000E-03,+5.613E-06,-2.768489714E+00
+4.055000E-03,+63.083E-06,-2.741995433E+00
+4.060000E-03,-252.416E-06,-2.708475393E+00
+4.065000E-03,-196.161E-06,-2.678981748E+00
+4.070000E-03,-224.923E-06,-2.652948794E+00
+4.075000E-03,-178.985E-06,-2.614594167E+00
+4.080000E-03,-165.156E-06,-2.586242344E+00
+4.085000E-03,-54.356E-06,-2.553261797E+00
+4.090000E-03,-268.188E-06,-2.521318414E+00
+4.095000E-03,-447.108E-06,-2.495072586E+00
+4.100000E-03,-53.029E-06,-2.457118564E+00
+4.105000E-03,+82.889E-06,-2.431030513E+00
+4.110000E-03,+69.900E-06,-2.402131116E+00
+4.115000E-03,-154.710E-06,-2.366807291E+00
+4.120000E-03,+46.647E-06,-2.339129648E+00
+4.125000E-03,+98.187E-06,-2.301905672E+00
+4.130000E-03,+253.004E-06,-2.272713211E+00
+4.135000E-03,+215.537E-06,-2.243790437E+00
+4.140000E-03,+321.078E-06,-2.209269582E+00
+4.145000E-03,+211.153E-06,-2.187210335E+00
+4.150000E-03,+204.837E-06,-2.155108104E+00
+4.155000E-03,+206.486E-06,-2.121394099E+00
+4.160000E-03,-35.473E-06,-2.098868263E+00
+4.165000E-03,+68.712E-06,-2.063826680E+00
+4.170000E-03,+308.659E-06,-2.035905200E+00
+4.175000E-03,+222.070E-06,-2.012270295E+00
+4.180000E-03,+13.045E-06,-1.974418531E+00
+4.185000E-03,+119.395E-06,-1.943866826E+00
+4.190000E-03,+5.344E-06,-1.908839568E+00
+4.195000E-03,+86.540E-06,-1.876041603E+00
+4.200000E-03,-37.037E-06,-1.848011831E+00
+4.205000E-03,-133.878E-06,-1.812446855E+00
+4.210000E-03,-143.716E-06,-1.792376449E+00
+4.215000E-03,-129.888E-06,-1.773916695E+00
+4.220000E-03,+35.558E-06,-1.735735807E+00
+4.225000E-03,-51.595E-06,-1.705300019E+00
+4.230000E-03,-185.728E-06,-1.673411674E+00
+4.235000E-03,-6.835E-06,-1.639508910E+00
+4.240000E-03,-23.743E-06,-1.617951117E+00
+4.245000E-03,+62.758E-06,-1.584945390E+00
+4.250000E-03,+190.453E-06,-1.555678669E+00
+4.255000E-03,-207.050E-06,-1.533012849E+00
+4.260000E-03,-86.775E-06,-1.496489528E+00
+4.265000E-03,+3.700E-06,-1.464772349E+00
+4.270000E-03,+85.000E-06,-1.431966903E+00
+4.275000E-03,+72.801E-06,-1.396694810E+00
+4.280000E-03,-32.414E-06,-1.372559850E+00
+4.285000E-03,+55.290E-06,-1.337269467E+00
+4.290000E-03,+25.954E-06,-1.308831553E+00
+4.295000E-03,-12.445E-06,-1.281729614E+00
+4.300000E-03,+73.865E-06,-1.245248273E+00
+4.305000E-03,-94.631E-06,-1.220865642E+00
+4.310000E-03,-1.496E-06,-1.189893990E+00
+4.315000E-03,+129.016E-06,-1.154607915E+00
+4.320000E-03,-81.857E-06,-1.131544742E+00
+4.325000E-03,+123.858E-06,-1.099832597E+00
+4.330000E-03,-79.565E-06,-1.069420900E+00
+4.335000E-03,-112.030E-06,-1.039128348E+00
+4.340000E-03,+5.149E-06,-1.002359870E+00
+4.345000E-03,-5.054E-06,-977.713067E-03
+4.350000E-03,-85.949E-06,-946.753960E-03
+4.355000E-03,-276.412E-06,-916.695833E-03
+4.360000E-03,-18.061E-06,-897.185780E-03
+4.365000E-03,-5.894E-06,-865.271169E-03
+4.370000E-03,-227.786E-06,-828.187544E-03
+4.375000E-03,-375.589E-06,-795.623640E-03
+4.380000E-03,-177.824E-06,-761.970028E-03
+4.385000E-03,-198.093E-06,-738.592075E-03
+4.390000E-03,-223.706E-06,-706.075522E-03
+4.395000E-03,-198.429E-06,-674.333274E-03
+4.400000E-03,-246.169E-06,-650.084500E-03
+4.405000E-03,-386.393E-06,-613.714059E-03
+4.410000E-03,-266.730E-06,-585.251075E-03
+4.415000E-03,-432.243E-06,-557.143333E-03
+4.420000E-03,-515.854E-06,-520.185710E-03
+4.425000E-03,-681.604E-06,-494.935904E-03
+4.430000E-03,-869.431E-06,-461.075841E-03
+4.435000E-03,-915.608E-06,-430.225934E-03
+4.440000E-03,-1.025055E-03,-408.277601E-03
+4.445000E-03,-1.454490E-03,-374.128953E-03
+4.450000E-03,-1.856932E-03,-347.261830E-03
+4.455000E-03,-2.164085E-03,-323.614597E-03
+4.460000E-03,-2.490128E-03,-285.850043E-03
+4.465000E-03,-2.750962E-03,-257.737017E-03
+4.470000E-03,-2.962035E-03,-225.334591E-03
+4.475000E-03,-3.351764E-03,-191.166657E-03
+4.480000E-03,-3.660297E-03,-169.030975E-03
+4.485000E-03,-3.857394E-03,-135.170892E-03
+4.490000E-03,-3.824163E-03,-106.419733E-03
+4.495000E-03,-3.957838E-03,-83.840688E-03
+4.500000E-03,-4.113579E-03,-49.393081E-03
+4.505000E-03,-4.153114E-03,-22.299121E-03
+4.510000E-03,-4.303329E-03,+2.227166E-03
+4.515000E-03,-4.361799E-03,+38.244758E-03
+4.520000E-03,-4.106881E-03,+64.901218E-03
+4.525000E-03,-4.232833E-03,+98.410290E-03
+4.530000E-03,-4.281965E-03,+132.035065E-03
+4.535000E-03,-4.325321E-03,+154.826221E-03
+4.540000E-03,-4.133181E-03,+190.972386E-03
+4.545000E-03,-4.216157E-03,+221.081405E-03
+4.550000E-03,-4.275445E-03,+249.288612E-03
+4.555000E-03,-4.136022E-03,+284.386907E-03
+4.560000E-03,-3.847028E-03,+310.530497E-03
+4.565000E-03,-3.667271E-03,+346.425783E-03
+4.570000E-03,-3.669216E-03,+376.068121E-03
+4.575000E-03,-3.544209E-03,+400.418184E-03
+4.580000E-03,-3.467791E-03,+437.341039E-03
+4.585000E-03,-3.238798E-03,+460.312882E-03
+4.590000E-03,-2.982199E-03,+483.773580E-03
+4.595000E-03,-3.033528E-03,+521.838912E-03
+4.600000E-03,-2.763979E-03,+547.400169E-03
+4.605000E-03,-2.634345E-03,+580.357623E-03
+4.610000E-03,-2.283502E-03,+613.946143E-03
+4.615000E-03,-2.442635E-03,+638.621741E-03
+4.620000E-03,-2.474500E-03,+676.310930E-03
+4.625000E-03,-2.347834E-03,+702.172569E-03
+4.630000E-03,-2.268981E-03,+725.681685E-03
+4.635000E-03,-2.187260E-03,+761.649398E-03
+4.640000E-03,-2.065118E-03,+784.559884E-03
+4.645000E-03,-1.993363E-03,+813.636566E-03
+4.650000E-03,-1.873841E-03,+850.919280E-03
+4.655000E-03,-1.619816E-03,+878.107449E-03
+4.660000E-03,-1.570886E-03,+915.759700E-03
+4.665000E-03,-1.677949E-03,+941.971958E-03
+4.670000E-03,-1.654308E-03,+964.777573E-03
+4.675000E-03,-1.550511E-03,+999.224814E-03
+4.680000E-03,-1.311073E-03,+1.024120581E+00
+4.685000E-03,-1.305230E-03,+1.050972924E+00
+4.690000E-03,-1.238912E-03,+1.089640150E+00
+4.695000E-03,-1.263203E-03,+1.115867943E+00
+4.700000E-03,-1.087137E-03,+1.146524208E+00
+4.705000E-03,-857.275E-06,+1.176496466E+00
+4.710000E-03,-897.964E-06,+1.204414040E+00
+4.715000E-03,-939.371E-06,+1.244490172E+00
+4.720000E-03,-612.871E-06,+1.274763184E+00
+4.725000E-03,-353.010E-06,+1.309779503E+00
+4.730000E-03,-396.862E-06,+1.338957669E+00
+4.735000E-03,-546.410E-06,+1.357978900E+00
+4.740000E-03,-815.936E-06,+1.390382536E+00
+4.745000E-03,-415.537E-06,+1.424224130E+00
+4.750000E-03,-95.357E-06,+1.453748253E+00
+4.755000E-03,-104.872E-06,+1.486095999E+00
+4.760000E-03,-335.051E-06,+1.509837839E+00
+4.765000E-03,-45.237E-06,+1.538886460E+00
+4.770000E-03,+162.625E-06,+1.573067243E+00
+4.775000E-03,+292.480E-06,+1.598533203E+00
+4.780000E-03,+322.734E-06,+1.634388988E+00
+4.785000E-03,+52.253E-06,+1.663492880E+00
+4.790000E-03,+20.018E-06,+1.686107460E+00
+4.795000E-03,+224.841E-06,+1.720155336E+00
+4.800000E-03,+117.100E-06,+1.748656962E+00
+4.805000E-03,+126.673E-06,+1.777228211E+00
+4.810000E-03,+65.140E-06,+1.811082350E+00
+4.815000E-03,+58.313E-06,+1.834862624E+00
+4.820000E-03,+387.569E-06,+1.866927477E+00
+4.825000E-03,+155.403E-06,+1.899788392E+00
+4.830000E-03,-155.495E-06,+1.927152481E+00
+4.835000E-03,+180.125E-06,+1.964601855E+00
+4.840000E-03,-8.712E-06,+1.989484238E+00
+4.845000E-03,+89.438E-06,+2.014652116E+00
+4.850000E-03,+103.187E-06,+2.050041568E+00
+4.855000E-03,-80.665E-06,+2.072851460E+00
+4.860000E-03,-37.909E-06,+2.103360064E+00
+4.865000E-03,+88.737E-06,+2.139059780E+00
+4.870000E-03,+277.810E-06,+2.163130517E+00
+4.875000E-03,+59.077E-06,+2.197781430E+00
+4.880000E-03,+59.991E-06,+2.225866549E+00
+4.885000E-03,+20.045E-06,+2.250657180E+00
+4.890000E-03,+63.554E-06,+2.289213988E+00
+4.895000E-03,+145.999E-06,+2.314334276E+00
+4.900000E-03,+221.739E-06,+2.341374804E+00
+4.905000E-03,+171.744E-06,+2.376446746E+00
+4.910000E-03,+105.649E-06,+2.399636557E+00
+4.915000E-03,+93.739E-06,+2.433888149E+00
+4.920000E-03,+129.556E-06,+2.465566212E+00
+4.925000E-03,+229.170E-06,+2.489802948E+00
+4.930000E-03,+415.095E-06,+2.527390893E+00
+4.935000E-03,+499.489E-06,+2.553442723E+00
+4.940000E-03,+375.082E-06,+2.582681382E+00
+4.945000E-03,+354.689E-06,+2.619576069E+00
+4.950000E-03,+369.656E-06,+2.643632327E+00
+4.955000E-03,+293.904E-06,+2.677115688E+00
+4.960000E-03,+406.902E-06,+2.708958583E+00
+4.965000E-03,+323.098E-06,+2.737894978E+00
+4.970000E-03,+284.899E-06,+2.774690312E+00
+4.975000E-03,+162.717E-06,+2.797525278E+00
+4.980000E-03,+352.061E-06,+2.827442734E+00
+4.985000E-03,+192.529E-06,+2.861433860E+00
+4.990000E-03,+195.799E-06,+2.883720682E+00
+4.995000E-03,+225.419E-06,+2.918662115E+00
